entity_id,window_start,event_count,failed_login_ratio,login_frequency,geo_velocity,session_duration_anomaly,port_scan_index,dns_query_entropy,data_exfil_ratio,privilege_escalation_score,off_hours_ratio,connection_burstiness,generalized_ip
1c700796eb552a95620a27a65505c336c14223903a261ad3646bd153f00c5b2f,2026-07-28T00:00:00,1,0.011897868669775758,0.0,0.0,0.0,0.0,0.0,0.0,0.0,1.0,0.0,
1c700796eb552a95620a27a65505c336c14223903a261ad3646bd153f00c5b2f,2026-07-28T01:00:00,1,-0.025711128307224374,0.0,0.0,0.0,0.0,2.6464393446710157,0.0,0.0,1.0,0.0,
1c700796eb552a95620a27a65505c336c14223903a261ad3646bd153f00c5b2f,2026-07-28T01:00:00,1,0.0022149707729398438,0.0,0.0,0.0,0.0,2.6464393446710157,0.0,0.0,1.0,0.0,
1c700796eb552a95620a27a65505c336c14223903a261ad3646bd153f00c5b2f,2026-07-28T01:00:00,1,0.018631482649293866,0.0,0.0,0.0,0.0,2.6464393446710157,0.0,0.0,1.0,0.0,
1c700796eb552a95620a27a65505c336c14223903a261ad3646bd153f00c5b2f,2026-07-28T02:00:00,1,-0.01980445050008661,0.0,0.0,0.0,0.0,2.6464393446710157,0.0,0.0,1.0,0.0,
1c700796eb552a95620a27a65505c336c14223903a261ad3646bd153f00c5b2f,2026-07-28T04:00:00,1,0.011621751270762941,0.0,0.0,0.0,0.0,3.337175341123077,0.0,0.0,1.0,0.0,
1c700796eb552a95620a27a65505c336c14223903a261ad3646bd153f00c5b2f,2026-07-28T04:00:00,1,-0.014413197862768706,0.0,0.0,0.0,0.0,3.337175341123077,0.0,0.0,1.0,0.0,
1c700796eb552a95620a27a65505c336c14223903a261ad3646bd153f00c5b2f,2026-07-28T05:00:00,1,0.006900546655063456,0.0,0.0,0.0,0.0,3.337175341123077,0.0,0.0,1.0,0.0,
1c700796eb552a95620a27a65505c336c14223903a261ad3646bd153f00c5b2f,2026-07-28T05:00:00,1,0.00698541414961672,0.0,0.0,0.0,0.0,3.337175341123077,0.0,0.0,1.0,0.0,
1c700796eb552a95620a27a65505c336c14223903a261ad3646bd153f00c5b2f,2026-07-28T08:00:00,1,0.011391845343914351,1.0,0.0,0.0,0.0,0.0,0.0,0.0,0.0,0.0,
1c700796eb552a95620a27a65505c336c14223903a261ad3646bd153f00c5b2f,2026-07-28T08:00:00,2,0.0013865453309222595,2.0,1286.7334563759487,0.0,0.0,0.0,0.0,0.0,0.0,0.0,
1c700796eb552a95620a27a65505c336c14223903a261ad3646bd153f00c5b2f,2026-07-28T08:00:00,2,0.013411711489297163,2.0,1286.7334563759487,0.0,0.0,0.0,0.0,0.0,0.0,0.0,
1c700796eb552a95620a27a65505c336c14223903a261ad3646bd153f00c5b2f,2026-07-28T08:00:00,2,-0.006609856561537424,2.0,1286.7334563759487,0.0,0.0,0.0,0.0,0.0,0.0,0.0,
1c700796eb552a95620a27a65505c336c14223903a261ad3646bd153f00c5b2f,2026-07-28T09:00:00,1,0.014333558170688605,1.0,0.0,0.0,0.0,0.0,0.0,0.0,0.0,0.0,
1c700796eb552a95620a27a65505c336c14223903a261ad3646bd153f00c5b2f,2026-07-28T11:00:00,1,0.013551725462270554,1.0,0.0,0.0,0.0,0.0,0.0,0.0,0.0,0.0,
1c700796eb552a95620a27a65505c336c14223903a261ad3646bd153f00c5b2f,2026-07-28T11:00:00,1,-0.004725622435897413,1.0,0.0,0.0,0.0,0.0,0.0,0.0,0.0,0.0,
1c700796eb552a95620a27a65505c336c14223903a261ad3646bd153f00c5b2f,2026-07-28T11:00:00,1,0.055845520754000226,1.0,0.0,0.0,0.0,0.0,0.0,0.0,0.0,0.0,
1c700796eb552a95620a27a65505c336c14223903a261ad3646bd153f00c5b2f,2026-07-28T12:00:00,1,0.03622892008360202,1.0,0.0,0.0,0.0,0.0,0.0,0.0,0.0,0.0,
1c700796eb552a95620a27a65505c336c14223903a261ad3646bd153f00c5b2f,2026-07-28T15:00:00,1,-0.006543716242847864,0.0,0.0,0.0,0.0,2.6464393446710157,0.0,0.0,0.0,0.0,
1c700796eb552a95620a27a65505c336c14223903a261ad3646bd153f00c5b2f,2026-07-28T15:00:00,1,-0.0009829055799539948,0.0,0.0,0.0,0.0,2.6464393446710157,0.0,0.0,0.0,0.0,
1c700796eb552a95620a27a65505c336c14223903a261ad3646bd153f00c5b2f,2026-07-28T15:00:00,1,0.007740535459770774,0.0,0.0,0.0,0.0,2.6464393446710157,0.0,0.0,0.0,0.0,
1c700796eb552a95620a27a65505c336c14223903a261ad3646bd153f00c5b2f,2026-07-28T15:00:00,1,0.01898949375716383,0.0,0.0,0.0,0.0,2.6464393446710157,0.0,0.0,0.0,0.0,
1c700796eb552a95620a27a65505c336c14223903a261ad3646bd153f00c5b2f,2026-07-28T17:00:00,2,0.5017124343972953,1.0,3036.131987836725,0.0,0.0,0.0,0.0,0.0,1.0,0.0,
1c700796eb552a95620a27a65505c336c14223903a261ad3646bd153f00c5b2f,2026-07-28T17:00:00,2,0.5099937533059082,1.0,3036.131987836725,0.0,0.0,0.0,0.0,0.0,1.0,0.0,
1c700796eb552a95620a27a65505c336c14223903a261ad3646bd153f00c5b2f,2026-07-28T17:00:00,2,0.5518348246093608,1.0,3036.131987836725,0.0,0.0,0.0,0.0,0.0,1.0,0.0,
1c700796eb552a95620a27a65505c336c14223903a261ad3646bd153f00c5b2f,2026-07-28T17:00:00,2,0.5087886854372493,1.0,3036.131987836725,0.0,0.0,0.0,0.0,0.0,1.0,0.0,
1c700796eb552a95620a27a65505c336c14223903a261ad3646bd153f00c5b2f,2026-07-28T23:00:00,1,-0.014411536840711383,0.0,0.0,0.0,0.0,3.337175341123077,0.0,0.0,1.0,0.0,
1c700796eb552a95620a27a65505c336c14223903a261ad3646bd153f00c5b2f,2026-07-28T23:00:00,1,0.03937793617294239,0.0,0.0,0.0,0.0,3.337175341123077,0.0,0.0,1.0,0.0,
1c700796eb552a95620a27a65505c336c14223903a261ad3646bd153f00c5b2f,2026-07-28T23:00:00,1,-0.07721933232149822,0.0,0.0,0.0,0.0,3.337175341123077,0.0,0.0,1.0,0.0,
1c700796eb552a95620a27a65505c336c14223903a261ad3646bd153f00c5b2f,2026-07-29T00:00:00,2,-0.026278054048688385,0.0,0.0,0.0,0.0,3.337175341123077,0.0,0.0,1.0,0.0,
1c700796eb552a95620a27a65505c336c14223903a261ad3646bd153f00c5b2f,2026-07-29T00:00:00,1,-0.019436182349809955,0.0,0.0,0.0,0.0,0.0,0.0,0.0,1.0,0.0,
1c700796eb552a95620a27a65505c336c14223903a261ad3646bd153f00c5b2f,2026-07-29T00:00:00,1,-0.03190390682106996,0.0,0.0,0.0,0.0,0.0,0.0,0.0,1.0,0.0,
1c700796eb552a95620a27a65505c336c14223903a261ad3646bd153f00c5b2f,2026-07-29T00:00:00,1,0.0026045200230755527,0.0,0.0,0.0,0.0,0.0,0.0,0.0,1.0,0.0,
1c700796eb552a95620a27a65505c336c14223903a261ad3646bd153f00c5b2f,2026-07-29T01:00:00,2,0.007781540864703901,1.0,0.0,0.0,0.0,0.0,0.0,0.0,1.0,0.0,
1c700796eb552a95620a27a65505c336c14223903a261ad3646bd153f00c5b2f,2026-07-29T01:00:00,3,-0.002443006588226291,1.0,0.0,0.0,0.0,0.0,0.0,0.0,1.0,0.25,
1c700796eb552a95620a27a65505c336c14223903a261ad3646bd153f00c5b2f,2026-07-29T02:00:00,3,-0.0035604418236587707,1.0,0.0,0.0,0.0,0.0,0.0,0.0,1.0,0.25,
1c700796eb552a95620a27a65505c336c14223903a261ad3646bd153f00c5b2f,2026-07-29T02:00:00,3,-0.002999381661981941,1.0,0.0,0.0,0.0,0.0,0.0,0.0,1.0,0.25,
1c700796eb552a95620a27a65505c336c14223903a261ad3646bd153f00c5b2f,2026-07-29T02:00:00,1,-0.0420306892797575,0.0,0.0,0.0,0.0,0.0,0.0,0.0,1.0,0.0,
1c700796eb552a95620a27a65505c336c14223903a261ad3646bd153f00c5b2f,2026-07-29T03:00:00,1,-0.016318355639854783,0.0,0.0,0.0,0.0,4.4832314681614225,0.0,0.0,1.0,0.0,
1c700796eb552a95620a27a65505c336c14223903a261ad3646bd153f00c5b2f,2026-07-29T03:00:00,2,0.02076392626194139,1.0,0.0,0.0,0.0,4.4832314681614225,0.0,0.0,1.0,0.0,
1c700796eb552a95620a27a65505c336c14223903a261ad3646bd153f00c5b2f,2026-07-29T04:00:00,2,-0.0032551832760789818,1.0,0.0,0.0,0.0,4.4832314681614225,0.0,0.0,1.0,0.0,
1c700796eb552a95620a27a65505c336c14223903a261ad3646bd153f00c5b2f,2026-07-29T04:00:00,3,-0.001482558303807232,2.0,310.82612680456765,0.0,0.0,4.4832314681614225,0.0,0.0,1.0,0.0,
1c700796eb552a95620a27a65505c336c14223903a261ad3646bd153f00c5b2f,2026-07-29T04:00:00,2,-0.028702178323258325,2.0,310.82612680456765,0.0,0.0,0.0,0.0,0.0,1.0,0.0,
1c700796eb552a95620a27a65505c336c14223903a261ad3646bd153f00c5b2f,2026-07-29T04:00:00,1,0.002784606825639771,1.0,0.0,0.0,0.0,0.0,0.0,0.0,1.0,0.0,
1c700796eb552a95620a27a65505c336c14223903a261ad3646bd153f00c5b2f,2026-07-29T05:00:00,1,0.01639245231358593,1.0,0.0,0.0,0.0,0.0,0.0,0.0,1.0,0.0,
1c700796eb552a95620a27a65505c336c14223903a261ad3646bd153f00c5b2f,2026-07-29T06:00:00,1,-0.030816772108339947,0.0,0.0,0.0,0.0,0.0,0.0,0.0,1.0,0.0,
1c700796eb552a95620a27a65505c336c14223903a261ad3646bd153f00c5b2f,2026-07-29T06:00:00,2,0.016161595446571978,0.0,0.0,0.0,0.0,0.0,0.0,0.0,1.0,0.0,
1c700796eb552a95620a27a65505c336c14223903a261ad3646bd153f00c5b2f,2026-07-29T06:00:00,2,0.010581898016820988,0.0,0.0,0.0,0.0,0.0,0.0,0.0,1.0,0.0,
1c700796eb552a95620a27a65505c336c14223903a261ad3646bd153f00c5b2f,2026-07-29T06:00:00,2,0.004817493815357672,0.0,0.0,0.0,0.0,0.0,0.0,0.0,1.0,0.0,
1c700796eb552a95620a27a65505c336c14223903a261ad3646bd153f00c5b2f,2026-07-29T07:00:00,1,0.029481979888563083,0.0,0.0,0.0,0.0,0.0,0.0,0.0,1.0,0.0,
1c700796eb552a95620a27a65505c336c14223903a261ad3646bd153f00c5b2f,2026-07-29T08:00:00,1,0.9656416148991791,0.0,0.0,0.0,0.0,0.0,0.0,0.0,0.0,0.0,
1c700796eb552a95620a27a65505c336c14223903a261ad3646bd153f00c5b2f,2026-07-29T08:00:00,1,1.0095076460341634,0.0,0.0,0.0,0.0,0.0,0.0,0.0,0.0,0.0,
1c700796eb552a95620a27a65505c336c14223903a261ad3646bd153f00c5b2f,2026-07-29T08:00:00,1,0.9814155496974252,0.0,0.0,0.0,0.0,0.0,0.0,0.0,0.0,0.0,
1c700796eb552a95620a27a65505c336c14223903a261ad3646bd153f00c5b2f,2026-07-29T09:00:00,1,1.023882915823995,0.0,0.0,0.0,0.0,0.0,0.0,0.0,0.0,0.0,
1c700796eb552a95620a27a65505c336c14223903a261ad3646bd153f00c5b2f,2026-07-29T09:00:00,1,0.019735775540683863,0.0,0.0,0.0,0.0,3.337175341123077,0.0,0.0,0.0,0.0,
1c700796eb552a95620a27a65505c336c14223903a261ad3646bd153f00c5b2f,2026-07-29T09:00:00,2,0.022952164342041552,0.0,0.0,0.0,0.0,3.188162006513074,0.0,0.0,0.0,0.0,
1c700796eb552a95620a27a65505c336c14223903a261ad3646bd153f00c5b2f,2026-07-29T09:00:00,2,-0.003660228823023952,0.0,0.0,0.0,0.0,3.188162006513074,0.0,0.0,0.0,0.0,
1c700796eb552a95620a27a65505c336c14223903a261ad3646bd153f00c5b2f,2026-07-29T10:00:00,2,0.02853579298774119,0.0,0.0,0.0,0.0,3.188162006513074,0.0,0.0,0.0,0.0,
1c700796eb552a95620a27a65505c336c14223903a261ad3646bd153f00c5b2f,2026-07-29T10:00:00,1,-0.012905898930085216,0.0,0.0,0.0,0.0,3.039148671903071,0.0,0.0,0.0,0.0,
1c700796eb552a95620a27a65505c336c14223903a261ad3646bd153f00c5b2f,2026-07-29T20:00:00,1,-0.021920647778700883,0.0,0.0,0.0,0.0,0.0,0.0,0.0,1.0,0.0,
1c700796eb552a95620a27a65505c336c14223903a261ad3646bd153f00c5b2f,2026-07-29T20:00:00,1,-0.003790628170153407,0.0,0.0,0.0,0.0,0.0,0.0,0.0,1.0,0.0,
1c700796eb552a95620a27a65505c336c14223903a261ad3646bd153f00c5b2f,2026-07-29T20:00:00,1,-0.02977259386328124,0.0,0.0,0.0,0.0,0.0,0.0,0.0,1.0,0.0,
1c700796eb552a95620a27a65505c336c14223903a261ad3646bd153f00c5b2f,2026-07-29T20:00:00,1,0.007035712003328619,0.0,0.0,0.0,0.0,0.0,0.0,0.0,1.0,0.0,
1c700796eb552a95620a27a65505c336c14223903a261ad3646bd153f00c5b2f,2026-07-30T01:00:00,1,0.018971324535516365,0.0,0.0,0.0,0.0,0.0,0.0,0.0,1.0,0.0,
1c700796eb552a95620a27a65505c336c14223903a261ad3646bd153f00c5b2f,2026-07-30T02:00:00,1,0.006420063549894889,0.0,0.0,0.0,0.0,0.0,0.0,0.0,1.0,0.0,
1c700796eb552a95620a27a65505c336c14223903a261ad3646bd153f00c5b2f,2026-07-30T02:00:00,2,0.008140730697087414,1.0,0.0,0.0,0.0,0.0,0.0,0.0,1.0,0.0,
1c700796eb552a95620a27a65505c336c14223903a261ad3646bd153f00c5b2f,2026-07-30T02:00:00,2,0.0005077266369700761,1.0,0.0,0.0,0.0,0.0,0.0,0.0,1.0,0.0,
1c700796eb552a95620a27a65505c336c14223903a261ad3646bd153f00c5b2f,2026-07-30T02:00:00,1,-0.017240392409919404,1.0,0.0,0.0,0.0,0.0,0.0,0.0,1.0,0.0,
1c700796eb552a95620a27a65505c336c14223903a261ad3646bd153f00c5b2f,2026-07-30T03:00:00,1,-0.008354125016399408,1.0,0.0,0.0,0.0,0.0,0.0,0.0,1.0,0.0,
1c700796eb552a95620a27a65505c336c14223903a261ad3646bd153f00c5b2f,2026-07-30T04:00:00,2,0.0047032589887868025,2.0,257.18748947036033,0.0,0.0,0.0,0.0,0.0,1.0,0.0,
1c700796eb552a95620a27a65505c336c14223903a261ad3646bd153f00c5b2f,2026-07-30T05:00:00,3,-0.0028147455613570706,3.0,257.18748947036033,0.0,0.0,0.0,0.0,0.0,1.0,0.0,
1c700796eb552a95620a27a65505c336c14223903a261ad3646bd153f00c5b2f,2026-07-30T05:00:00,4,0.009791574322752716,3.0,257.18748947036033,0.0,0.0,3.337175341123077,0.0,0.0,1.0,0.2222222222222222,
1c700796eb552a95620a27a65505c336c14223903a261ad3646bd153f00c5b2f,2026-07-30T05:00:00,4,-0.017134110288140804,3.0,257.18748947036033,0.0,0.0,3.337175341123077,0.0,0.0,1.0,0.2222222222222222,
1c700796eb552a95620a27a65505c336c14223903a261ad3646bd153f00c5b2f,2026-07-30T05:00:00,2,0.03392891182691542,1.0,0.0,0.0,0.0,3.337175341123077,0.0,0.0,1.0,0.0,
1c700796eb552a95620a27a65505c336c14223903a261ad3646bd153f00c5b2f,2026-07-30T06:00:00,1,0.018922165927802582,0.0,0.0,0.0,0.0,3.337175341123077,0.0,0.0,1.0,0.0,
1c700796eb552a95620a27a65505c336c14223903a261ad3646bd153f00c5b2f,2026-07-30T07:00:00,1,-0.02253037254060903,0.0,0.0,0.0,0.0,3.321928094887362,0.0,0.0,1.0,0.0,
1c700796eb552a95620a27a65505c336c14223903a261ad3646bd153f00c5b2f,2026-07-30T07:00:00,2,0.01950085430741731,1.0,0.0,0.0,0.0,3.321928094887362,0.0,0.0,1.0,0.0,
1c700796eb552a95620a27a65505c336c14223903a261ad3646bd153f00c5b2f,2026-07-30T07:00:00,2,0.01340716510674405,1.0,0.0,0.0,0.0,3.321928094887362,0.0,0.0,1.0,0.0,
1c700796eb552a95620a27a65505c336c14223903a261ad3646bd153f00c5b2f,2026-07-30T07:00:00,2,-0.007798273367448206,1.0,0.0,0.0,0.0,3.321928094887362,0.0,0.0,1.0,0.0,
1c700796eb552a95620a27a65505c336c14223903a261ad3646bd153f00c5b2f,2026-07-30T08:00:00,2,-0.035826928746207576,2.0,59.19252719517842,0.0,0.0,0.0,0.0,0.0,1.0,0.0,
1c700796eb552a95620a27a65505c336c14223903a261ad3646bd153f00c5b2f,2026-07-30T08:00:00,1,0.019272203470443942,1.0,0.0,0.0,0.0,0.0,0.0,0.0,1.0,0.0,
1c700796eb552a95620a27a65505c336c14223903a261ad3646bd153f00c5b2f,2026-07-30T08:00:00,1,0.0026721199699623454,1.0,0.0,0.0,0.0,0.0,0.0,0.0,1.0,0.0,
1c700796eb552a95620a27a65505c336c14223903a261ad3646bd153f00c5b2f,2026-07-30T08:00:00,1,-0.018765095964997848,1.0,0.0,0.0,0.0,0.0,0.0,0.0,1.0,0.0,
1c700796eb552a95620a27a65505c336c14223903a261ad3646bd153f00c5b2f,2026-07-30T10:00:00,1,0.010806869226871834,1.0,0.0,0.0,0.0,0.0,0.0,0.0,0.0,0.0,
1c700796eb552a95620a27a65505c336c14223903a261ad3646bd153f00c5b2f,2026-07-30T10:00:00,1,-0.0011048906998697803,1.0,0.0,0.0,0.0,0.0,0.0,0.0,0.0,0.0,
1c700796eb552a95620a27a65505c336c14223903a261ad3646bd153f00c5b2f,2026-07-30T11:00:00,1,-0.02801636341337054,1.0,0.0,0.0,0.0,0.0,0.0,0.0,0.0,0.0,
1c700796eb552a95620a27a65505c336c14223903a261ad3646bd153f00c5b2f,2026-07-30T11:00:00,1,0.0044671542425260445,1.0,0.0,0.0,0.0,0.0,0.0,0.0,0.0,0.0,
1c700796eb552a95620a27a65505c336c14223903a261ad3646bd153f00c5b2f,2026-07-30T14:00:00,3,0.467607139258732,1.0,499.5396328074171,0.0,0.0,0.0,0.0,0.0,0.0,0.0,
1c700796eb552a95620a27a65505c336c14223903a261ad3646bd153f00c5b2f,2026-07-30T14:00:00,3,0.5372435483702656,1.0,499.5396328074171,0.0,0.0,0.0,0.0,0.0,0.0,0.0,
1c700796eb552a95620a27a65505c336c14223903a261ad3646bd153f00c5b2f,2026-07-30T14:00:00,3,0.5086532583092059,1.0,499.5396328074171,0.0,0.0,0.0,0.0,0.0,0.0,0.0,
1c700796eb552a95620a27a65505c336c14223903a261ad3646bd153f00c5b2f,2026-07-30T14:00:00,3,0.4983397627054926,1.0,499.5396328074171,0.0,0.0,0.0,0.0,0.0,0.0,0.0,
1c700796eb552a95620a27a65505c336c14223903a261ad3646bd153f00c5b2f,2026-07-30T16:00:00,1,-0.0007417866726663297,0.0,0.0,0.0,0.0,3.039148671903071,0.0,0.0,1.0,0.0,
1c700796eb552a95620a27a65505c336c14223903a261ad3646bd153f00c5b2f,2026-07-30T16:00:00,1,0.005626596954347197,0.0,0.0,0.0,0.0,3.039148671903071,0.0,0.0,1.0,0.0,
1c700796eb552a95620a27a65505c336c14223903a261ad3646bd153f00c5b2f,2026-07-30T17:00:00,1,0.0187681414527187,0.0,0.0,0.0,0.0,3.039148671903071,0.0,0.0,1.0,0.0,
1c700796eb552a95620a27a65505c336c14223903a261ad3646bd153f00c5b2f,2026-07-30T17:00:00,1,0.035407473834916686,0.0,0.0,0.0,0.0,3.039148671903071,0.0,0.0,1.0,0.0,
1c700796eb552a95620a27a65505c336c14223903a261ad3646bd153f00c5b2f,2026-07-30T21:00:00,1,-0.012774475076123329,1.0,0.0,0.0,0.0,0.0,0.0,0.0,1.0,0.0,
1c700796eb552a95620a27a65505c336c14223903a261ad3646bd153f00c5b2f,2026-07-30T21:00:00,1,-0.010576854745593492,1.0,0.0,0.0,0.0,0.0,0.0,0.0,1.0,0.0,
1c700796eb552a95620a27a65505c336c14223903a261ad3646bd153f00c5b2f,2026-07-30T21:00:00,1,-0.008090310806754441,1.0,0.0,0.0,0.0,0.0,0.0,0.0,1.0,0.0,
1c700796eb552a95620a27a65505c336c14223903a261ad3646bd153f00c5b2f,2026-07-30T21:00:00,1,0.04400497033382789,1.0,0.0,0.0,0.0,0.0,0.0,0.0,1.0,0.0,
1c700796eb552a95620a27a65505c336c14223903a261ad3646bd153f00c5b2f,2026-07-30T22:00:00,1,0.0015844968585946807,0.0,0.0,0.0,0.0,0.0,0.0,0.0,1.0,0.0,
c3a6ef7ad82a2f3c65c2b2a2b54553344a86c08e8ad9d504b758c41e5592c6d7,2026-07-28T00:00:00,1,1.0091684060822201,0.0,0.0,0.0,0.0,0.0,0.0,0.0,1.0,0.0,
c3a6ef7ad82a2f3c65c2b2a2b54553344a86c08e8ad9d504b758c41e5592c6d7,2026-07-28T10:00:00,1,-0.0009136317013494001,1.0,0.0,0.0,0.0,0.0,0.0,0.0,0.0,0.0,
c3a6ef7ad82a2f3c65c2b2a2b54553344a86c08e8ad9d504b758c41e5592c6d7,2026-07-28T10:00:00,1,0.03597394569787694,1.0,0.0,0.0,0.0,0.0,0.0,0.0,0.0,0.0,
c3a6ef7ad82a2f3c65c2b2a2b54553344a86c08e8ad9d504b758c41e5592c6d7,2026-07-28T10:00:00,1,-0.0074955310306347766,1.0,0.0,0.0,0.0,0.0,0.0,0.0,0.0,0.0,
c3a6ef7ad82a2f3c65c2b2a2b54553344a86c08e8ad9d504b758c41e5592c6d7,2026-07-28T10:00:00,1,-0.02447038129187843,1.0,0.0,0.0,0.0,0.0,0.0,0.0,0.0,0.0,
c3a6ef7ad82a2f3c65c2b2a2b54553344a86c08e8ad9d504b758c41e5592c6d7,2026-07-28T14:00:00,1,0.005661840809699714,0.0,0.0,0.0,0.0,4.504461070911272,0.0,0.0,0.0,0.0,
c3a6ef7ad82a2f3c65c2b2a2b54553344a86c08e8ad9d504b758c41e5592c6d7,2026-07-28T15:00:00,1,-0.00029091047081356263,0.0,0.0,0.0,0.0,4.504461070911272,0.0,0.0,0.0,0.0,
c3a6ef7ad82a2f3c65c2b2a2b54553344a86c08e8ad9d504b758c41e5592c6d7,2026-07-28T15:00:00,1,-0.0076420477548210086,0.0,0.0,0.0,0.0,4.504461070911272,0.0,0.0,0.0,0.0,
c3a6ef7ad82a2f3c65c2b2a2b54553344a86c08e8ad9d504b758c41e5592c6d7,2026-07-28T15:00:00,1,0.018971215595668032,0.0,0.0,0.0,0.0,4.504461070911272,0.0,0.0,0.0,0.0,
c3a6ef7ad82a2f3c65c2b2a2b54553344a86c08e8ad9d504b758c41e5592c6d7,2026-07-28T20:00:00,1,0.9866252094567446,0.0,0.0,0.0,0.0,0.0,0.0,0.0,1.0,0.0,
c3a6ef7ad82a2f3c65c2b2a2b54553344a86c08e8ad9d504b758c41e5592c6d7,2026-07-28T20:00:00,1,1.0379981196226151,0.0,0.0,0.0,0.0,0.0,0.0,0.0,1.0,0.0,
c3a6ef7ad82a2f3c65c2b2a2b54553344a86c08e8ad9d504b758c41e5592c6d7,2026-07-28T20:00:00,1,0.9988929579347414,0.0,0.0,0.0,0.0,0.0,0.0,0.0,1.0,0.0,
c3a6ef7ad82a2f3c65c2b2a2b54553344a86c08e8ad9d504b758c41e5592c6d7,2026-07-28T20:00:00,1,1.0086521654945364,0.0,0.0,0.0,0.0,0.0,0.0,0.0,1.0,0.0,
c3a6ef7ad82a2f3c65c2b2a2b54553344a86c08e8ad9d504b758c41e5592c6d7,2026-07-28T21:00:00,1,0.07424385964606281,0.0,0.0,0.0,0.0,3.321928094887362,0.0,0.0,1.0,0.0,
c3a6ef7ad82a2f3c65c2b2a2b54553344a86c08e8ad9d504b758c41e5592c6d7,2026-07-28T21:00:00,1,-0.03876055207600974,0.0,0.0,0.0,0.0,3.321928094887362,0.0,0.0,1.0,0.0,
c3a6ef7ad82a2f3c65c2b2a2b54553344a86c08e8ad9d504b758c41e5592c6d7,2026-07-28T21:00:00,1,0.03227615140560949,0.0,0.0,0.0,0.0,3.321928094887362,0.0,0.0,1.0,0.0,
c3a6ef7ad82a2f3c65c2b2a2b54553344a86c08e8ad9d504b758c41e5592c6d7,2026-07-28T21:00:00,1,-0.015572724424434053,0.0,0.0,0.0,0.0,3.321928094887362,0.0,0.0,1.0,0.0,
c3a6ef7ad82a2f3c65c2b2a2b54553344a86c08e8ad9d504b758c41e5592c6d7,2026-07-29T00:00:00,1,0.0013719508353779144,1.0,0.0,0.0,0.0,0.0,0.0,0.0,1.0,0.0,
c3a6ef7ad82a2f3c65c2b2a2b54553344a86c08e8ad9d504b758c41e5592c6d7,2026-07-29T00:00:00,1,0.04157141936088557,1.0,0.0,0.0,0.0,0.0,0.0,0.0,1.0,0.0,
c3a6ef7ad82a2f3c65c2b2a2b54553344a86c08e8ad9d504b758c41e5592c6d7,2026-07-29T00:00:00,1,-0.015547279754191743,1.0,0.0,0.0,0.0,0.0,0.0,0.0,1.0,0.0,
c3a6ef7ad82a2f3c65c2b2a2b54553344a86c08e8ad9d504b758c41e5592c6d7,2026-07-29T01:00:00,2,0.04328647052496353,2.0,68.40193531536308,0.0,0.0,0.0,0.0,0.0,1.0,0.0,
c3a6ef7ad82a2f3c65c2b2a2b54553344a86c08e8ad9d504b758c41e5592c6d7,2026-07-29T01:00:00,1,0.018584905241672996,1.0,0.0,0.0,0.0,0.0,0.0,0.0,1.0,0.0,
c3a6ef7ad82a2f3c65c2b2a2b54553344a86c08e8ad9d504b758c41e5592c6d7,2026-07-29T01:00:00,1,0.005134313306984505,1.0,0.0,0.0,0.0,0.0,0.0,0.0,1.0,0.0,
c3a6ef7ad82a2f3c65c2b2a2b54553344a86c08e8ad9d504b758c41e5592c6d7,2026-07-29T01:00:00,1,-0.001610517360294943,1.0,0.0,0.0,0.0,0.0,0.0,0.0,1.0,0.0,
c3a6ef7ad82a2f3c65c2b2a2b54553344a86c08e8ad9d504b758c41e5592c6d7,2026-07-29T03:00:00,1,1.0569500717781068,0.0,0.0,0.0,0.0,0.0,0.0,0.0,1.0,0.0,
c3a6ef7ad82a2f3c65c2b2a2b54553344a86c08e8ad9d504b758c41e5592c6d7,2026-07-29T03:00:00,2,1.0254033780722125,0.0,0.0,0.0,0.0,0.0,0.0,0.0,1.0,0.0,
c3a6ef7ad82a2f3c65c2b2a2b54553344a86c08e8ad9d504b758c41e5592c6d7,2026-07-29T03:00:00,2,1.0117229745850695,0.0,0.0,0.0,0.0,0.0,0.0,0.0,1.0,0.0,
c3a6ef7ad82a2f3c65c2b2a2b54553344a86c08e8ad9d504b758c41e5592c6d7,2026-07-29T03:00:00,2,0.9933281880647499,0.0,0.0,0.0,0.0,0.0,0.0,0.0,1.0,0.0,
c3a6ef7ad82a2f3c65c2b2a2b54553344a86c08e8ad9d504b758c41e5592c6d7,2026-07-29T04:00:00,1,0.009365718716952806,0.0,0.0,0.0,0.0,0.0,0.0,0.0,1.0,0.0,
c3a6ef7ad82a2f3c65c2b2a2b54553344a86c08e8ad9d504b758c41e5592c6d7,2026-07-29T04:00:00,1,-0.018649851138827396,0.0,0.0,0.0,0.0,2.6464393446710157,0.0,0.0,1.0,0.0,
c3a6ef7ad82a2f3c65c2b2a2b54553344a86c08e8ad9d504b758c41e5592c6d7,2026-07-29T05:00:00,1,0.013646407930794595,0.0,0.0,0.0,0.0,2.6464393446710157,0.0,0.0,1.0,0.0,
c3a6ef7ad82a2f3c65c2b2a2b54553344a86c08e8ad9d504b758c41e5592c6d7,2026-07-29T05:00:00,1,-0.03006454087876315,0.0,0.0,0.0,0.0,2.6464393446710157,0.0,0.0,1.0,0.0,
c3a6ef7ad82a2f3c65c2b2a2b54553344a86c08e8ad9d504b758c41e5592c6d7,2026-07-29T05:00:00,2,-0.03500018553312394,1.0,0.0,0.0,0.0,2.6464393446710157,0.0,0.0,1.0,0.0,
c3a6ef7ad82a2f3c65c2b2a2b54553344a86c08e8ad9d504b758c41e5592c6d7,2026-07-29T05:00:00,1,0.012642118312886417,1.0,0.0,0.0,0.0,0.0,0.0,0.0,1.0,0.0,
c3a6ef7ad82a2f3c65c2b2a2b54553344a86c08e8ad9d504b758c41e5592c6d7,2026-07-29T06:00:00,1,0.009815317033950048,1.0,0.0,0.0,0.0,0.0,0.0,0.0,1.0,0.0,
c3a6ef7ad82a2f3c65c2b2a2b54553344a86c08e8ad9d504b758c41e5592c6d7,2026-07-29T06:00:00,1,-0.013508081665960783,1.0,0.0,0.0,0.0,0.0,0.0,0.0,1.0,0.0,
c3a6ef7ad82a2f3c65c2b2a2b54553344a86c08e8ad9d504b758c41e5592c6d7,2026-07-29T07:00:00,1,-0.03384652267662515,1.0,0.0,0.0,0.0,0.0,0.0,0.0,1.0,0.0,
c3a6ef7ad82a2f3c65c2b2a2b54553344a86c08e8ad9d504b758c41e5592c6d7,2026-07-29T07:00:00,1,0.07904165403060116,1.0,0.0,0.0,0.0,0.0,0.0,0.0,1.0,0.0,
c3a6ef7ad82a2f3c65c2b2a2b54553344a86c08e8ad9d504b758c41e5592c6d7,2026-07-29T08:00:00,1,-0.002889497123956605,1.0,0.0,0.0,0.0,0.0,0.0,0.0,1.0,0.0,
c3a6ef7ad82a2f3c65c2b2a2b54553344a86c08e8ad9d504b758c41e5592c6d7,2026-07-29T08:00:00,1,-0.05183647224883356,1.0,0.0,0.0,0.0,0.0,0.0,0.0,1.0,0.0,
c3a6ef7ad82a2f3c65c2b2a2b54553344a86c08e8ad9d504b758c41e5592c6d7,2026-07-29T13:00:00,1,1.0182862627289961,0.0,0.0,0.0,0.0,0.0,0.0,0.0,0.0,0.0,
c3a6ef7ad82a2f3c65c2b2a2b54553344a86c08e8ad9d504b758c41e5592c6d7,2026-07-29T14:00:00,1,1.018818258340447,0.0,0.0,0.0,0.0,0.0,0.0,0.0,0.0,0.0,
c3a6ef7ad82a2f3c65c2b2a2b54553344a86c08e8ad9d504b758c41e5592c6d7,2026-07-29T14:00:00,1,1.030179493715099,0.0,0.0,0.0,0.0,0.0,0.0,0.0,0.0,0.0,
c3a6ef7ad82a2f3c65c2b2a2b54553344a86c08e8ad9d504b758c41e5592c6d7,2026-07-29T14:00:00,1,1.0517829511430083,0.0,0.0,0.0,0.0,0.0,0.0,0.0,0.0,0.0,
c3a6ef7ad82a2f3c65c2b2a2b54553344a86c08e8ad9d504b758c41e5592c6d7,2026-07-29T16:00:00,2,-0.006401790003534894,1.0,0.0,0.0,0.0,0.0,0.0,0.0,1.0,0.0,
c3a6ef7ad82a2f3c65c2b2a2b54553344a86c08e8ad9d504b758c41e5592c6d7,2026-07-29T16:00:00,5,-0.0003316128562716056,2.0,33424.76559493546,0.0,0.0,3.321928094887362,0.0,0.0,1.0,0.2222222222222222,
c3a6ef7ad82a2f3c65c2b2a2b54553344a86c08e8ad9d504b758c41e5592c6d7,2026-07-29T16:00:00,5,-0.01940277622717366,2.0,33424.76559493546,0.0,0.0,3.321928094887362,0.0,0.0,1.0,0.2222222222222222,
c3a6ef7ad82a2f3c65c2b2a2b54553344a86c08e8ad9d504b758c41e5592c6d7,2026-07-29T17:00:00,6,-0.009572032773828206,2.0,33424.76559493546,0.0,0.0,3.499748243994086,0.0,0.0,1.0,0.25,
c3a6ef7ad82a2f3c65c2b2a2b54553344a86c08e8ad9d504b758c41e5592c6d7,2026-07-29T17:00:00,4,0.00982212740642242,1.0,0.0,0.0,0.0,3.499748243994086,0.0,0.0,1.0,1.0,
c3a6ef7ad82a2f3c65c2b2a2b54553344a86c08e8ad9d504b758c41e5592c6d7,2026-07-29T17:00:00,2,-0.03804938236173796,1.0,0.0,0.0,0.0,3.8553885422075345,0.0,0.0,1.0,0.0,
c3a6ef7ad82a2f3c65c2b2a2b54553344a86c08e8ad9d504b758c41e5592c6d7,2026-07-29T17:00:00,2,0.01313737258931195,1.0,0.0,0.0,0.0,3.8553885422075345,0.0,0.0,1.0,0.0,
c3a6ef7ad82a2f3c65c2b2a2b54553344a86c08e8ad9d504b758c41e5592c6d7,2026-07-29T18:00:00,1,0.029154989972341765,1.0,0.0,0.0,0.0,0.0,0.0,0.0,1.0,0.0,
c3a6ef7ad82a2f3c65c2b2a2b54553344a86c08e8ad9d504b758c41e5592c6d7,2026-07-29T18:00:00,1,-0.04078120790431278,1.0,0.0,0.0,0.0,0.0,0.0,0.0,1.0,0.0,
c3a6ef7ad82a2f3c65c2b2a2b54553344a86c08e8ad9d504b758c41e5592c6d7,2026-07-29T21:00:00,1,0.02188722243324227,0.0,0.0,0.0,0.0,3.337175341123077,0.0,0.0,1.0,0.0,
c3a6ef7ad82a2f3c65c2b2a2b54553344a86c08e8ad9d504b758c41e5592c6d7,2026-07-29T22:00:00,1,-0.008874624305273087,0.0,0.0,0.0,0.0,3.337175341123077,0.0,0.0,1.0,0.0,
c3a6ef7ad82a2f3c65c2b2a2b54553344a86c08e8ad9d504b758c41e5592c6d7,2026-07-29T22:00:00,2,0.024347033455226274,0.0,0.0,0.0,0.0,2.9918073428970464,0.0,0.0,1.0,0.0,
c3a6ef7ad82a2f3c65c2b2a2b54553344a86c08e8ad9d504b758c41e5592c6d7,2026-07-29T22:00:00,2,0.06643237676188965,0.0,0.0,0.0,0.0,2.9918073428970464,0.0,0.0,1.0,0.0,
c3a6ef7ad82a2f3c65c2b2a2b54553344a86c08e8ad9d504b758c41e5592c6d7,2026-07-29T22:00:00,1,0.07074672631912943,0.0,0.0,0.0,0.0,2.6464393446710157,0.0,0.0,1.0,0.0,
c3a6ef7ad82a2f3c65c2b2a2b54553344a86c08e8ad9d504b758c41e5592c6d7,2026-07-29T23:00:00,1,0.0037257764706416087,0.0,0.0,0.0,0.0,2.6464393446710157,0.0,0.0,1.0,0.0,
c3a6ef7ad82a2f3c65c2b2a2b54553344a86c08e8ad9d504b758c41e5592c6d7,2026-07-30T00:00:00,1,1.0223328117316413,0.0,0.0,0.0,0.0,0.0,0.0,0.0,1.0,0.0,
c3a6ef7ad82a2f3c65c2b2a2b54553344a86c08e8ad9d504b758c41e5592c6d7,2026-07-30T01:00:00,1,0.9945805613599463,0.0,0.0,0.0,0.0,0.0,0.0,0.0,1.0,0.0,
c3a6ef7ad82a2f3c65c2b2a2b54553344a86c08e8ad9d504b758c41e5592c6d7,2026-07-30T01:00:00,1,1.0575310391204098,0.0,0.0,0.0,0.0,0.0,0.0,0.0,1.0,0.0,
c3a6ef7ad82a2f3c65c2b2a2b54553344a86c08e8ad9d504b758c41e5592c6d7,2026-07-30T01:00:00,1,0.9914282495261839,0.0,0.0,0.0,0.0,0.0,0.0,0.0,1.0,0.0,
c3a6ef7ad82a2f3c65c2b2a2b54553344a86c08e8ad9d504b758c41e5592c6d7,2026-07-30T07:00:00,1,0.02450507331968154,0.0,0.0,0.0,0.0,0.0,0.0,0.0,1.0,0.0,
c3a6ef7ad82a2f3c65c2b2a2b54553344a86c08e8ad9d504b758c41e5592c6d7,2026-07-30T07:00:00,1,0.010160679547922725,0.0,0.0,0.0,0.0,0.0,0.0,0.0,1.0,0.0,
c3a6ef7ad82a2f3c65c2b2a2b54553344a86c08e8ad9d504b758c41e5592c6d7,2026-07-30T07:00:00,1,-0.002570203378501965,0.0,0.0,0.0,0.0,0.0,0.0,0.0,1.0,0.0,
c3a6ef7ad82a2f3c65c2b2a2b54553344a86c08e8ad9d504b758c41e5592c6d7,2026-07-30T07:00:00,1,0.013622108174427928,0.0,0.0,0.0,0.0,0.0,0.0,0.0,1.0,0.0,
c3a6ef7ad82a2f3c65c2b2a2b54553344a86c08e8ad9d504b758c41e5592c6d7,2026-07-30T11:00:00,1,-0.005228887929188575,0.0,0.0,0.0,0.0,4.16829583405449,0.0,0.0,0.0,0.0,
c3a6ef7ad82a2f3c65c2b2a2b54553344a86c08e8ad9d504b758c41e5592c6d7,2026-07-30T11:00:00,1,-0.010757766229488057,0.0,0.0,0.0,0.0,4.16829583405449,0.0,0.0,0.0,0.0,
c3a6ef7ad82a2f3c65c2b2a2b54553344a86c08e8ad9d504b758c41e5592c6d7,2026-07-30T12:00:00,1,-0.07859046991212092,0.0,0.0,0.0,0.0,4.16829583405449,0.0,0.0,0.0,0.0,
c3a6ef7ad82a2f3c65c2b2a2b54553344a86c08e8ad9d504b758c41e5592c6d7,2026-07-30T12:00:00,1,0.007163837386389184,0.0,0.0,0.0,0.0,4.16829583405449,0.0,0.0,0.0,0.0,
c3a6ef7ad82a2f3c65c2b2a2b54553344a86c08e8ad9d504b758c41e5592c6d7,2026-07-30T14:00:00,1,0.05450652621232761,1.0,0.0,0.0,0.0,0.0,0.0,0.0,0.0,0.0,
c3a6ef7ad82a2f3c65c2b2a2b54553344a86c08e8ad9d504b758c41e5592c6d7,2026-07-30T14:00:00,2,-0.06852534653958463,1.0,0.0,0.0,0.0,0.0,0.0,0.0,0.0,0.0,
c3a6ef7ad82a2f3c65c2b2a2b54553344a86c08e8ad9d504b758c41e5592c6d7,2026-07-30T14:00:00,2,-0.049680160877678334,1.0,0.0,0.0,0.0,0.0,0.0,0.0,0.0,0.0,
c3a6ef7ad82a2f3c65c2b2a2b54553344a86c08e8ad9d504b758c41e5592c6d7,2026-07-30T14:00:00,2,-0.006318268253494609,1.0,0.0,0.0,0.0,0.0,0.0,0.0,0.0,0.0,
c3a6ef7ad82a2f3c65c2b2a2b54553344a86c08e8ad9d504b758c41e5592c6d7,2026-07-30T15:00:00,1,0.019304582422180243,0.0,0.0,0.0,0.0,0.0,0.0,0.0,0.0,0.0,
c3a6ef7ad82a2f3c65c2b2a2b54553344a86c08e8ad9d504b758c41e5592c6d7,2026-07-30T15:00:00,1,0.006843496284742772,0.0,0.0,0.0,0.0,0.0,0.0,0.0,0.0,0.0,
c3a6ef7ad82a2f3c65c2b2a2b54553344a86c08e8ad9d504b758c41e5592c6d7,2026-07-30T16:00:00,1,-0.0006054055197216515,0.0,0.0,0.0,0.0,0.0,0.0,0.0,0.0,0.0,
c3a6ef7ad82a2f3c65c2b2a2b54553344a86c08e8ad9d504b758c41e5592c6d7,2026-07-30T16:00:00,1,0.030466802625839364,0.0,0.0,0.0,0.0,0.0,0.0,0.0,0.0,0.0,
c3a6ef7ad82a2f3c65c2b2a2b54553344a86c08e8ad9d504b758c41e5592c6d7,2026-07-30T16:00:00,1,0.04767242316060882,0.0,0.0,0.0,0.0,0.0,0.0,0.0,0.0,0.0,
c3a6ef7ad82a2f3c65c2b2a2b54553344a86c08e8ad9d504b758c41e5592c6d7,2026-07-30T18:00:00,1,0.9739090051102082,0.0,0.0,0.0,0.0,0.0,0.0,0.0,1.0,0.0,
c3a6ef7ad82a2f3c65c2b2a2b54553344a86c08e8ad9d504b758c41e5592c6d7,2026-07-30T18:00:00,2,0.9966198752499441,0.0,0.0,0.0,0.0,0.0,0.0,0.0,1.0,0.0,
c3a6ef7ad82a2f3c65c2b2a2b54553344a86c08e8ad9d504b758c41e5592c6d7,2026-07-30T18:00:00,2,0.95211757544444,0.0,0.0,0.0,0.0,0.0,0.0,0.0,1.0,0.0,
c3a6ef7ad82a2f3c65c2b2a2b54553344a86c08e8ad9d504b758c41e5592c6d7,2026-07-30T19:00:00,2,1.0322565633217007,0.0,0.0,0.0,0.0,0.0,0.0,0.0,1.0,0.0,
c3a6ef7ad82a2f3c65c2b2a2b54553344a86c08e8ad9d504b758c41e5592c6d7,2026-07-30T19:00:00,1,0.04275318082871143,0.0,0.0,0.0,0.0,0.0,0.0,0.0,1.0,0.0,
c3a6ef7ad82a2f3c65c2b2a2b54553344a86c08e8ad9d504b758c41e5592c6d7,2026-07-30T21:00:00,1,0.024437609091553143,0.0,0.0,0.0,0.0,4.608763501526925,0.0,0.0,1.0,0.0,
c3a6ef7ad82a2f3c65c2b2a2b54553344a86c08e8ad9d504b758c41e5592c6d7,2026-07-30T21:00:00,1,0.01001185438052079,0.0,0.0,0.0,0.0,4.608763501526925,0.0,0.0,1.0,0.0,
c3a6ef7ad82a2f3c65c2b2a2b54553344a86c08e8ad9d504b758c41e5592c6d7,2026-07-30T22:00:00,1,-0.018054363069263037,0.0,0.0,0.0,0.0,4.608763501526925,0.0,0.0,1.0,0.0,
c3a6ef7ad82a2f3c65c2b2a2b54553344a86c08e8ad9d504b758c41e5592c6d7,2026-07-30T22:00:00,1,-0.0044094249498754755,0.0,0.0,0.0,0.0,4.608763501526925,0.0,0.0,1.0,0.0,
969257c5a99788201e25a7ac3c18b73bc6b1dc64d73bfd291b5c73e1a62e9f8a,2026-07-28T00:00:00,1,0.012016373106037394,1.0,0.0,0.0,0.0,0.0,0.0,0.0,1.0,0.0,
969257c5a99788201e25a7ac3c18b73bc6b1dc64d73bfd291b5c73e1a62e9f8a,2026-07-28T01:00:00,1,-0.006803966263907883,1.0,0.0,0.0,0.0,0.0,0.0,0.0,1.0,0.0,
969257c5a99788201e25a7ac3c18b73bc6b1dc64d73bfd291b5c73e1a62e9f8a,2026-07-28T01:00:00,1,-0.02821045178657935,1.0,0.0,0.0,0.0,0.0,0.0,0.0,1.0,0.0,
969257c5a99788201e25a7ac3c18b73bc6b1dc64d73bfd291b5c73e1a62e9f8a,2026-07-28T01:00:00,1,-0.12474213282296436,1.0,0.0,0.0,0.0,0.0,0.0,0.0,1.0,0.0,
969257c5a99788201e25a7ac3c18b73bc6b1dc64d73bfd291b5c73e1a62e9f8a,2026-07-28T01:00:00,1,-0.011444641298170608,1.0,0.0,0.0,0.0,0.0,0.0,0.0,1.0,0.0,
969257c5a99788201e25a7ac3c18b73bc6b1dc64d73bfd291b5c73e1a62e9f8a,2026-07-28T10:00:00,1,-0.02688688503007722,1.0,0.0,0.0,0.0,0.0,0.0,0.0,0.0,0.0,
969257c5a99788201e25a7ac3c18b73bc6b1dc64d73bfd291b5c73e1a62e9f8a,2026-07-28T10:00:00,1,0.028450124605118005,1.0,0.0,0.0,0.0,0.0,0.0,0.0,0.0,0.0,
969257c5a99788201e25a7ac3c18b73bc6b1dc64d73bfd291b5c73e1a62e9f8a,2026-07-28T11:00:00,1,0.00928588853706259,1.0,0.0,0.0,0.0,0.0,0.0,0.0,0.0,0.0,
969257c5a99788201e25a7ac3c18b73bc6b1dc64d73bfd291b5c73e1a62e9f8a,2026-07-28T11:00:00,2,0.05882714721162543,2.0,34.9550258993454,0.0,0.0,0.0,0.0,0.0,0.0,0.0,
969257c5a99788201e25a7ac3c18b73bc6b1dc64d73bfd291b5c73e1a62e9f8a,2026-07-28T11:00:00,2,0.014284934767813074,2.0,155.89995114244587,0.0,0.0,0.0,0.0,0.0,0.0,0.0,
969257c5a99788201e25a7ac3c18b73bc6b1dc64d73bfd291b5c73e1a62e9f8a,2026-07-28T11:00:00,2,0.006895955015529286,2.0,155.89995114244587,0.0,0.0,0.0,0.0,0.0,0.0,0.0,
969257c5a99788201e25a7ac3c18b73bc6b1dc64d73bfd291b5c73e1a62e9f8a,2026-07-28T12:00:00,2,0.01725468925553925,2.0,155.89995114244587,0.0,0.0,0.0,0.0,0.0,0.0,0.0,
969257c5a99788201e25a7ac3c18b73bc6b1dc64d73bfd291b5c73e1a62e9f8a,2026-07-28T12:00:00,1,-0.05476924480283116,1.0,0.0,0.0,0.0,0.0,0.0,0.0,0.0,0.0,
969257c5a99788201e25a7ac3c18b73bc6b1dc64d73bfd291b5c73e1a62e9f8a,2026-07-28T13:00:00,1,0.0033207895020088184,1.0,0.0,0.0,0.0,0.0,0.0,0.0,0.0,0.0,
969257c5a99788201e25a7ac3c18b73bc6b1dc64d73bfd291b5c73e1a62e9f8a,2026-07-28T13:00:00,1,0.00925979619024901,1.0,0.0,0.0,0.0,0.0,0.0,0.0,0.0,0.0,
969257c5a99788201e25a7ac3c18b73bc6b1dc64d73bfd291b5c73e1a62e9f8a,2026-07-28T13:00:00,1,0.03221157269589545,1.0,0.0,0.0,0.0,0.0,0.0,0.0,0.0,0.0,
969257c5a99788201e25a7ac3c18b73bc6b1dc64d73bfd291b5c73e1a62e9f8a,2026-07-28T14:00:00,1,0.0055741907476646955,1.0,0.0,0.0,0.0,0.0,0.0,0.0,0.0,0.0,
969257c5a99788201e25a7ac3c18b73bc6b1dc64d73bfd291b5c73e1a62e9f8a,2026-07-28T14:00:00,1,-0.010168852940144203,0.0,0.0,0.0,0.0,3.321928094887362,0.0,0.0,0.0,0.0,
969257c5a99788201e25a7ac3c18b73bc6b1dc64d73bfd291b5c73e1a62e9f8a,2026-07-28T14:00:00,1,-0.010666636686056646,0.0,0.0,0.0,0.0,3.321928094887362,0.0,0.0,0.0,0.0,
969257c5a99788201e25a7ac3c18b73bc6b1dc64d73bfd291b5c73e1a62e9f8a,2026-07-28T15:00:00,1,0.026963668166144723,0.0,0.0,0.0,0.0,3.321928094887362,0.0,0.0,0.0,0.0,
969257c5a99788201e25a7ac3c18b73bc6b1dc64d73bfd291b5c73e1a62e9f8a,2026-07-28T15:00:00,1,0.005490252685278738,0.0,0.0,0.0,0.0,3.321928094887362,0.0,0.0,0.0,0.0,
969257c5a99788201e25a7ac3c18b73bc6b1dc64d73bfd291b5c73e1a62e9f8a,2026-07-28T17:00:00,1,0.0503464267710484,0.0,0.0,0.0,0.0,0.0,0.0,1.0,1.0,0.0,
969257c5a99788201e25a7ac3c18b73bc6b1dc64d73bfd291b5c73e1a62e9f8a,2026-07-28T17:00:00,1,0.10132426512614132,0.0,0.0,0.0,0.0,0.0,0.0,1.0,1.0,0.0,
969257c5a99788201e25a7ac3c18b73bc6b1dc64d73bfd291b5c73e1a62e9f8a,2026-07-28T17:00:00,1,0.0010808057030360912,0.0,0.0,0.0,0.0,0.0,0.0,1.0,1.0,0.0,
969257c5a99788201e25a7ac3c18b73bc6b1dc64d73bfd291b5c73e1a62e9f8a,2026-07-28T17:00:00,1,-0.03502926500189948,0.0,0.0,0.0,0.0,0.0,0.0,1.0,1.0,0.0,
969257c5a99788201e25a7ac3c18b73bc6b1dc64d73bfd291b5c73e1a62e9f8a,2026-07-29T01:00:00,1,-0.08421291737266015,0.0,0.0,0.0,0.0,0.0,0.0,0.0,1.0,0.0,
969257c5a99788201e25a7ac3c18b73bc6b1dc64d73bfd291b5c73e1a62e9f8a,2026-07-29T01:00:00,1,-0.0002553002882176959,0.0,0.0,0.0,0.0,0.0,0.0,0.0,1.0,0.0,
969257c5a99788201e25a7ac3c18b73bc6b1dc64d73bfd291b5c73e1a62e9f8a,2026-07-29T02:00:00,1,0.02506900373089457,0.0,0.0,0.0,0.0,0.0,0.0,0.0,1.0,0.0,
969257c5a99788201e25a7ac3c18b73bc6b1dc64d73bfd291b5c73e1a62e9f8a,2026-07-29T02:00:00,1,0.06924027765216048,0.0,0.0,0.0,0.0,0.0,0.0,0.0,1.0,0.0,
969257c5a99788201e25a7ac3c18b73bc6b1dc64d73bfd291b5c73e1a62e9f8a,2026-07-29T04:00:00,1,0.08828025148002519,0.0,0.0,0.0,0.0,4.5759228351852546,0.0,0.0,1.0,0.0,
969257c5a99788201e25a7ac3c18b73bc6b1dc64d73bfd291b5c73e1a62e9f8a,2026-07-29T04:00:00,1,0.006263080717144281,0.0,0.0,0.0,0.0,4.5759228351852546,0.0,0.0,1.0,0.0,
969257c5a99788201e25a7ac3c18b73bc6b1dc64d73bfd291b5c73e1a62e9f8a,2026-07-29T05:00:00,1,0.028879998637497083,0.0,0.0,0.0,0.0,4.5759228351852546,0.0,0.0,1.0,0.0,
969257c5a99788201e25a7ac3c18b73bc6b1dc64d73bfd291b5c73e1a62e9f8a,2026-07-29T05:00:00,1,0.03890383062765262,0.0,0.0,0.0,0.0,4.5759228351852546,0.0,0.0,1.0,0.0,
969257c5a99788201e25a7ac3c18b73bc6b1dc64d73bfd291b5c73e1a62e9f8a,2026-07-29T07:00:00,1,-0.033782909099182516,1.0,0.0,0.0,0.0,0.0,0.0,0.0,1.0,0.0,
969257c5a99788201e25a7ac3c18b73bc6b1dc64d73bfd291b5c73e1a62e9f8a,2026-07-29T07:00:00,1,0.014288979416967948,1.0,0.0,0.0,0.0,0.0,0.0,0.0,1.0,0.0,
969257c5a99788201e25a7ac3c18b73bc6b1dc64d73bfd291b5c73e1a62e9f8a,2026-07-29T07:00:00,1,0.02905330823425489,1.0,0.0,0.0,0.0,0.0,0.0,0.0,1.0,0.0,
969257c5a99788201e25a7ac3c18b73bc6b1dc64d73bfd291b5c73e1a62e9f8a,2026-07-29T08:00:00,1,-0.0049669769609432405,1.0,0.0,0.0,0.0,0.0,0.0,0.0,1.0,0.0,
969257c5a99788201e25a7ac3c18b73bc6b1dc64d73bfd291b5c73e1a62e9f8a,2026-07-29T09:00:00,1,0.03239137466168939,0.0,0.0,0.0,0.0,0.0,0.0,0.0,0.0,0.0,
969257c5a99788201e25a7ac3c18b73bc6b1dc64d73bfd291b5c73e1a62e9f8a,2026-07-29T09:00:00,1,-0.06017319858296058,0.0,0.0,0.0,0.0,0.0,0.0,0.0,0.0,0.0,
969257c5a99788201e25a7ac3c18b73bc6b1dc64d73bfd291b5c73e1a62e9f8a,2026-07-29T09:00:00,1,-0.0034620697972174244,0.0,0.0,0.0,0.0,0.0,0.0,0.0,0.0,0.0,
969257c5a99788201e25a7ac3c18b73bc6b1dc64d73bfd291b5c73e1a62e9f8a,2026-07-29T10:00:00,1,-0.0020782315967491035,0.0,0.0,0.0,0.0,0.0,0.0,0.0,0.0,0.0,
969257c5a99788201e25a7ac3c18b73bc6b1dc64d73bfd291b5c73e1a62e9f8a,2026-07-29T11:00:00,1,0.012118438436232584,0.0,0.0,0.0,0.0,3.039148671903071,0.0,0.0,0.0,0.0,
969257c5a99788201e25a7ac3c18b73bc6b1dc64d73bfd291b5c73e1a62e9f8a,2026-07-29T12:00:00,1,0.034254752464305545,0.0,0.0,0.0,0.0,3.039148671903071,0.0,0.0,0.0,0.0,
969257c5a99788201e25a7ac3c18b73bc6b1dc64d73bfd291b5c73e1a62e9f8a,2026-07-29T12:00:00,1,0.02307367348533737,0.0,0.0,0.0,0.0,3.039148671903071,0.0,0.0,0.0,0.0,
969257c5a99788201e25a7ac3c18b73bc6b1dc64d73bfd291b5c73e1a62e9f8a,2026-07-29T12:00:00,1,0.013698713524205347,0.0,0.0,0.0,0.0,3.039148671903071,0.0,0.0,0.0,0.0,
969257c5a99788201e25a7ac3c18b73bc6b1dc64d73bfd291b5c73e1a62e9f8a,2026-07-29T13:00:00,1,0.00948253058152427,1.0,0.0,0.0,0.0,0.0,0.0,0.0,0.0,0.0,
969257c5a99788201e25a7ac3c18b73bc6b1dc64d73bfd291b5c73e1a62e9f8a,2026-07-29T13:00:00,1,0.005467979452133683,1.0,0.0,0.0,0.0,0.0,0.0,0.0,0.0,0.0,
969257c5a99788201e25a7ac3c18b73bc6b1dc64d73bfd291b5c73e1a62e9f8a,2026-07-29T13:00:00,1,0.011598229280615964,1.0,0.0,0.0,0.0,0.0,0.0,0.0,0.0,0.0,
969257c5a99788201e25a7ac3c18b73bc6b1dc64d73bfd291b5c73e1a62e9f8a,2026-07-29T13:00:00,1,0.02543016748771885,1.0,0.0,0.0,0.0,0.0,0.0,0.0,0.0,0.0,
969257c5a99788201e25a7ac3c18b73bc6b1dc64d73bfd291b5c73e1a62e9f8a,2026-07-29T16:00:00,1,-0.018590027243932578,0.0,0.0,0.0,0.0,2.6464393446710157,0.0,0.0,1.0,0.0,
969257c5a99788201e25a7ac3c18b73bc6b1dc64d73bfd291b5c73e1a62e9f8a,2026-07-29T16:00:00,1,0.016103917417163313,0.0,0.0,0.0,0.0,2.6464393446710157,0.0,0.0,1.0,0.0,
969257c5a99788201e25a7ac3c18b73bc6b1dc64d73bfd291b5c73e1a62e9f8a,2026-07-29T16:00:00,1,0.004074080230703317,0.0,0.0,0.0,0.0,2.6464393446710157,0.0,0.0,1.0,0.0,
969257c5a99788201e25a7ac3c18b73bc6b1dc64d73bfd291b5c73e1a62e9f8a,2026-07-29T17:00:00,1,0.018975116816037436,0.0,0.0,0.0,0.0,2.6464393446710157,0.0,0.0,1.0,0.0,
969257c5a99788201e25a7ac3c18b73bc6b1dc64d73bfd291b5c73e1a62e9f8a,2026-07-29T17:00:00,1,0.018851614971699668,1.0,0.0,0.0,0.0,0.0,0.0,0.0,1.0,0.0,
969257c5a99788201e25a7ac3c18b73bc6b1dc64d73bfd291b5c73e1a62e9f8a,2026-07-29T18:00:00,2,-0.022390452622892344,2.0,298.55586560209264,0.0,0.0,0.0,0.0,0.0,1.0,0.0,
969257c5a99788201e25a7ac3c18b73bc6b1dc64d73bfd291b5c73e1a62e9f8a,2026-07-29T18:00:00,2,0.00020545202199972847,2.0,298.55586560209264,0.0,0.0,0.0,0.0,0.0,1.0,0.0,
969257c5a99788201e25a7ac3c18b73bc6b1dc64d73bfd291b5c73e1a62e9f8a,2026-07-29T18:00:00,2,-0.017052828486125323,2.0,298.55586560209264,0.0,0.0,0.0,0.0,0.0,1.0,0.0,
969257c5a99788201e25a7ac3c18b73bc6b1dc64d73bfd291b5c73e1a62e9f8a,2026-07-29T18:00:00,1,-0.014199551919852029,1.0,0.0,0.0,0.0,0.0,0.0,0.0,1.0,0.0,
969257c5a99788201e25a7ac3c18b73bc6b1dc64d73bfd291b5c73e1a62e9f8a,2026-07-29T20:00:00,1,0.0024236767461769484,0.0,0.0,0.0,0.0,3.321928094887362,0.0,0.0,1.0,0.0,
969257c5a99788201e25a7ac3c18b73bc6b1dc64d73bfd291b5c73e1a62e9f8a,2026-07-29T20:00:00,1,0.029606289436715977,0.0,0.0,0.0,0.0,3.321928094887362,0.0,0.0,1.0,0.0,
969257c5a99788201e25a7ac3c18b73bc6b1dc64d73bfd291b5c73e1a62e9f8a,2026-07-29T20:00:00,1,-0.03894607746237338,0.0,0.0,0.0,0.0,3.321928094887362,0.0,0.0,1.0,0.0,
969257c5a99788201e25a7ac3c18b73bc6b1dc64d73bfd291b5c73e1a62e9f8a,2026-07-29T20:00:00,1,0.0075724788393501455,0.0,0.0,0.0,0.0,3.321928094887362,0.0,0.0,1.0,0.0,
969257c5a99788201e25a7ac3c18b73bc6b1dc64d73bfd291b5c73e1a62e9f8a,2026-07-30T00:00:00,1,-0.02202131808042026,0.0,0.0,0.0,0.0,3.337175341123077,0.0,0.0,1.0,0.0,
969257c5a99788201e25a7ac3c18b73bc6b1dc64d73bfd291b5c73e1a62e9f8a,2026-07-30T00:00:00,1,-0.0013697834926952107,0.0,0.0,0.0,0.0,3.337175341123077,0.0,0.0,1.0,0.0,
969257c5a99788201e25a7ac3c18b73bc6b1dc64d73bfd291b5c73e1a62e9f8a,2026-07-30T00:00:00,1,-0.05836009001850223,0.0,0.0,0.0,0.0,3.337175341123077,0.0,0.0,1.0,0.0,
969257c5a99788201e25a7ac3c18b73bc6b1dc64d73bfd291b5c73e1a62e9f8a,2026-07-30T00:00:00,1,0.004037619711826769,0.0,0.0,0.0,0.0,3.337175341123077,0.0,0.0,1.0,0.0,
969257c5a99788201e25a7ac3c18b73bc6b1dc64d73bfd291b5c73e1a62e9f8a,2026-07-30T01:00:00,2,0.0034106287877255256,1.0,0.0,0.0,0.0,3.321928094887362,0.0,0.0,1.0,0.0,
969257c5a99788201e25a7ac3c18b73bc6b1dc64d73bfd291b5c73e1a62e9f8a,2026-07-30T01:00:00,2,-0.0027014651410065117,1.0,0.0,0.0,0.0,3.321928094887362,0.0,0.0,1.0,0.0,
969257c5a99788201e25a7ac3c18b73bc6b1dc64d73bfd291b5c73e1a62e9f8a,2026-07-30T01:00:00,2,0.06153499153755296,1.0,0.0,0.0,0.0,3.321928094887362,0.0,0.0,1.0,0.0,
969257c5a99788201e25a7ac3c18b73bc6b1dc64d73bfd291b5c73e1a62e9f8a,2026-07-30T02:00:00,2,-0.03645941440939883,1.0,0.0,0.0,0.0,3.321928094887362,0.0,0.0,1.0,0.0,
969257c5a99788201e25a7ac3c18b73bc6b1dc64d73bfd291b5c73e1a62e9f8a,2026-07-30T04:00:00,1,0.010953991382131368,0.0,0.0,0.0,0.0,0.0,0.0,0.0,1.0,0.0,
969257c5a99788201e25a7ac3c18b73bc6b1dc64d73bfd291b5c73e1a62e9f8a,2026-07-30T04:00:00,1,-0.06817896624278816,0.0,0.0,0.0,0.0,0.0,0.0,0.0,1.0,0.0,
969257c5a99788201e25a7ac3c18b73bc6b1dc64d73bfd291b5c73e1a62e9f8a,2026-07-30T04:00:00,1,-0.007567166371453622,0.0,0.0,0.0,0.0,0.0,0.0,0.0,1.0,0.0,
969257c5a99788201e25a7ac3c18b73bc6b1dc64d73bfd291b5c73e1a62e9f8a,2026-07-30T04:00:00,1,-0.006277268783644978,0.0,0.0,0.0,0.0,0.0,0.0,0.0,1.0,0.0,
969257c5a99788201e25a7ac3c18b73bc6b1dc64d73bfd291b5c73e1a62e9f8a,2026-07-30T05:00:00,1,0.014483384766123753,1.0,0.0,0.0,0.0,0.0,0.0,0.0,1.0,0.0,
969257c5a99788201e25a7ac3c18b73bc6b1dc64d73bfd291b5c73e1a62e9f8a,2026-07-30T06:00:00,1,-0.04352621662561222,1.0,0.0,0.0,0.0,0.0,0.0,0.0,1.0,0.0,
969257c5a99788201e25a7ac3c18b73bc6b1dc64d73bfd291b5c73e1a62e9f8a,2026-07-30T06:00:00,1,-0.001228991194244955,1.0,0.0,0.0,0.0,0.0,0.0,0.0,1.0,0.0,
969257c5a99788201e25a7ac3c18b73bc6b1dc64d73bfd291b5c73e1a62e9f8a,2026-07-30T06:00:00,1,-0.02563298638742702,1.0,0.0,0.0,0.0,0.0,0.0,0.0,1.0,0.0,
969257c5a99788201e25a7ac3c18b73bc6b1dc64d73bfd291b5c73e1a62e9f8a,2026-07-30T10:00:00,1,-0.019821572072861584,0.0,0.0,0.0,0.0,2.6464393446710157,0.0,0.0,0.0,0.0,
969257c5a99788201e25a7ac3c18b73bc6b1dc64d73bfd291b5c73e1a62e9f8a,2026-07-30T10:00:00,1,-0.028050459637283313,0.0,0.0,0.0,0.0,2.6464393446710157,0.0,0.0,0.0,0.0,
969257c5a99788201e25a7ac3c18b73bc6b1dc64d73bfd291b5c73e1a62e9f8a,2026-07-30T10:00:00,2,-0.018569608050724988,0.0,0.0,0.0,0.0,2.9918073428970464,0.0,0.0,0.0,0.0,
969257c5a99788201e25a7ac3c18b73bc6b1dc64d73bfd291b5c73e1a62e9f8a,2026-07-30T10:00:00,2,-0.006093125682574585,0.0,0.0,0.0,0.0,2.9918073428970464,0.0,0.0,0.0,0.0,
969257c5a99788201e25a7ac3c18b73bc6b1dc64d73bfd291b5c73e1a62e9f8a,2026-07-30T11:00:00,2,-0.06916510777749461,1.0,0.0,0.0,0.0,3.337175341123077,0.0,0.0,0.0,0.0,
969257c5a99788201e25a7ac3c18b73bc6b1dc64d73bfd291b5c73e1a62e9f8a,2026-07-30T11:00:00,2,0.023201556757522886,1.0,0.0,0.0,0.0,3.337175341123077,0.0,0.0,0.0,0.0,
969257c5a99788201e25a7ac3c18b73bc6b1dc64d73bfd291b5c73e1a62e9f8a,2026-07-30T11:00:00,1,0.05867920476371647,1.0,0.0,0.0,0.0,0.0,0.0,0.0,0.0,0.0,
969257c5a99788201e25a7ac3c18b73bc6b1dc64d73bfd291b5c73e1a62e9f8a,2026-07-30T11:00:00,2,0.024984868968315893,2.0,88.9078898012617,0.0,0.0,0.0,0.0,0.0,0.0,0.0,
969257c5a99788201e25a7ac3c18b73bc6b1dc64d73bfd291b5c73e1a62e9f8a,2026-07-30T12:00:00,1,0.004451342692231256,1.0,0.0,0.0,0.0,0.0,0.0,0.0,0.0,0.0,
969257c5a99788201e25a7ac3c18b73bc6b1dc64d73bfd291b5c73e1a62e9f8a,2026-07-30T12:00:00,1,-0.004491471507060621,1.0,0.0,0.0,0.0,0.0,0.0,0.0,0.0,0.0,
969257c5a99788201e25a7ac3c18b73bc6b1dc64d73bfd291b5c73e1a62e9f8a,2026-07-30T12:00:00,1,0.01635768831889191,1.0,0.0,0.0,0.0,0.0,0.0,0.0,0.0,0.0,
969257c5a99788201e25a7ac3c18b73bc6b1dc64d73bfd291b5c73e1a62e9f8a,2026-07-30T12:00:00,1,1.0391917125548698,0.0,0.0,0.0,0.0,0.0,0.0,0.0,0.0,0.0,
969257c5a99788201e25a7ac3c18b73bc6b1dc64d73bfd291b5c73e1a62e9f8a,2026-07-30T13:00:00,1,0.9565458403634497,0.0,0.0,0.0,0.0,0.0,0.0,0.0,0.0,0.0,
969257c5a99788201e25a7ac3c18b73bc6b1dc64d73bfd291b5c73e1a62e9f8a,2026-07-30T13:00:00,1,1.020343360214413,0.0,0.0,0.0,0.0,0.0,0.0,0.0,0.0,0.0,
969257c5a99788201e25a7ac3c18b73bc6b1dc64d73bfd291b5c73e1a62e9f8a,2026-07-30T13:00:00,1,1.0027832307182258,0.0,0.0,0.0,0.0,0.0,0.0,0.0,0.0,0.0,
969257c5a99788201e25a7ac3c18b73bc6b1dc64d73bfd291b5c73e1a62e9f8a,2026-07-30T14:00:00,1,0.012365396729731457,1.0,0.0,0.0,0.0,0.0,0.0,0.0,0.0,0.0,
969257c5a99788201e25a7ac3c18b73bc6b1dc64d73bfd291b5c73e1a62e9f8a,2026-07-30T14:00:00,1,0.010435602958872197,1.0,0.0,0.0,0.0,0.0,0.0,0.0,0.0,0.0,
969257c5a99788201e25a7ac3c18b73bc6b1dc64d73bfd291b5c73e1a62e9f8a,2026-07-30T14:00:00,1,0.030119179086423684,1.0,0.0,0.0,0.0,0.0,0.0,0.0,0.0,0.0,
969257c5a99788201e25a7ac3c18b73bc6b1dc64d73bfd291b5c73e1a62e9f8a,2026-07-30T15:00:00,1,-0.008165092363576107,1.0,0.0,0.0,0.0,0.0,0.0,0.0,0.0,0.0,
969257c5a99788201e25a7ac3c18b73bc6b1dc64d73bfd291b5c73e1a62e9f8a,2026-07-30T18:00:00,1,-0.02202473769760827,0.0,0.0,0.0,0.0,3.337175341123077,0.0,0.0,1.0,0.0,
969257c5a99788201e25a7ac3c18b73bc6b1dc64d73bfd291b5c73e1a62e9f8a,2026-07-30T18:00:00,1,-0.01401434805357942,0.0,0.0,0.0,0.0,3.337175341123077,0.0,0.0,1.0,0.0,
969257c5a99788201e25a7ac3c18b73bc6b1dc64d73bfd291b5c73e1a62e9f8a,2026-07-30T18:00:00,1,-0.01582001667187349,0.0,0.0,0.0,0.0,3.337175341123077,0.0,0.0,1.0,0.0,
969257c5a99788201e25a7ac3c18b73bc6b1dc64d73bfd291b5c73e1a62e9f8a,2026-07-30T18:00:00,1,0.017369826155640353,0.0,0.0,0.0,0.0,3.337175341123077,0.0,0.0,1.0,0.0,
c2e30fd3e7afcf16294865ec3907506a6a2bb12b86d784a71834926a7d10b0c6,2026-07-28T00:00:00,1,0.01984766445033947,0.0,0.0,0.0,0.0,0.0,0.0,0.0,1.0,0.0,
c2e30fd3e7afcf16294865ec3907506a6a2bb12b86d784a71834926a7d10b0c6,2026-07-28T00:00:00,1,0.035918204823156656,0.0,0.0,0.0,0.0,0.0,0.0,0.0,1.0,0.0,
c2e30fd3e7afcf16294865ec3907506a6a2bb12b86d784a71834926a7d10b0c6,2026-07-28T01:00:00,1,0.02574049825544792,1.0,0.0,0.0,0.0,0.0,0.0,0.0,1.0,0.0,
c2e30fd3e7afcf16294865ec3907506a6a2bb12b86d784a71834926a7d10b0c6,2026-07-28T01:00:00,1,-0.0017297096098521625,1.0,0.0,0.0,0.0,0.0,0.0,0.0,1.0,0.0,
c2e30fd3e7afcf16294865ec3907506a6a2bb12b86d784a71834926a7d10b0c6,2026-07-28T01:00:00,2,-0.046086296395123794,1.0,0.0,0.0,0.0,3.039148671903071,0.0,0.0,1.0,0.0,
c2e30fd3e7afcf16294865ec3907506a6a2bb12b86d784a71834926a7d10b0c6,2026-07-28T01:00:00,2,-0.014509652230096221,1.0,0.0,0.0,0.0,3.039148671903071,0.0,0.0,1.0,0.0,
c2e30fd3e7afcf16294865ec3907506a6a2bb12b86d784a71834926a7d10b0c6,2026-07-28T02:00:00,1,-9.652458236470548e-05,0.0,0.0,0.0,0.0,3.039148671903071,0.0,0.0,1.0,0.0,
c2e30fd3e7afcf16294865ec3907506a6a2bb12b86d784a71834926a7d10b0c6,2026-07-28T02:00:00,1,0.016651122706451516,0.0,0.0,0.0,0.0,3.039148671903071,0.0,0.0,1.0,0.0,
c2e30fd3e7afcf16294865ec3907506a6a2bb12b86d784a71834926a7d10b0c6,2026-07-28T04:00:00,1,-0.0015445022576896412,1.0,0.0,0.0,0.0,0.0,0.0,0.0,1.0,0.0,
c2e30fd3e7afcf16294865ec3907506a6a2bb12b86d784a71834926a7d10b0c6,2026-07-28T05:00:00,2,0.5167262777827732,1.0,91.78801793963363,0.0,0.0,0.0,0.0,0.0,1.0,0.0,
c2e30fd3e7afcf16294865ec3907506a6a2bb12b86d784a71834926a7d10b0c6,2026-07-28T05:00:00,3,0.33475796799493496,2.0,311.03166188893726,0.0,0.0,0.0,0.0,0.0,1.0,0.0,
c2e30fd3e7afcf16294865ec3907506a6a2bb12b86d784a71834926a7d10b0c6,2026-07-28T05:00:00,4,0.2524791257828831,3.0,311.03166188893726,0.0,0.0,0.0,0.0,0.0,1.0,0.0,
c2e30fd3e7afcf16294865ec3907506a6a2bb12b86d784a71834926a7d10b0c6,2026-07-28T05:00:00,3,0.31300256143945177,2.0,311.03166188893726,0.0,0.0,0.0,0.0,0.0,1.0,0.0,
c2e30fd3e7afcf16294865ec3907506a6a2bb12b86d784a71834926a7d10b0c6,2026-07-28T06:00:00,2,0.015143365237192247,2.0,43.12885445188518,0.0,0.0,0.0,0.0,0.0,1.0,0.0,
c2e30fd3e7afcf16294865ec3907506a6a2bb12b86d784a71834926a7d10b0c6,2026-07-28T06:00:00,2,0.5256377938721164,1.0,45.374620105469944,0.0,0.0,0.0,0.0,0.0,1.0,0.0,
c2e30fd3e7afcf16294865ec3907506a6a2bb12b86d784a71834926a7d10b0c6,2026-07-28T06:00:00,1,1.0025688751035504,0.0,0.0,0.0,0.0,0.0,0.0,0.0,1.0,0.0,
c2e30fd3e7afcf16294865ec3907506a6a2bb12b86d784a71834926a7d10b0c6,2026-07-28T06:00:00,1,0.9659727780157744,0.0,0.0,0.0,0.0,0.0,0.0,0.0,1.0,0.0,
c2e30fd3e7afcf16294865ec3907506a6a2bb12b86d784a71834926a7d10b0c6,2026-07-28T07:00:00,1,0.9575295612713474,0.0,0.0,0.0,0.0,0.0,0.0,0.0,1.0,0.0,
c2e30fd3e7afcf16294865ec3907506a6a2bb12b86d784a71834926a7d10b0c6,2026-07-28T07:00:00,1,-0.008938055924759545,0.0,0.0,0.0,0.0,0.0,0.0,0.0,1.0,0.0,
c2e30fd3e7afcf16294865ec3907506a6a2bb12b86d784a71834926a7d10b0c6,2026-07-28T07:00:00,1,-0.013263631258356244,0.0,0.0,0.0,0.0,0.0,0.0,0.0,1.0,0.0,
c2e30fd3e7afcf16294865ec3907506a6a2bb12b86d784a71834926a7d10b0c6,2026-07-28T07:00:00,1,0.008456734631732916,0.0,0.0,0.0,0.0,0.0,0.0,0.0,1.0,0.0,
c2e30fd3e7afcf16294865ec3907506a6a2bb12b86d784a71834926a7d10b0c6,2026-07-28T08:00:00,1,-0.04845074793861663,0.0,0.0,0.0,0.0,0.0,0.0,0.0,1.0,0.0,
c2e30fd3e7afcf16294865ec3907506a6a2bb12b86d784a71834926a7d10b0c6,2026-07-28T10:00:00,1,0.008352621868182735,0.0,0.0,0.0,0.0,4.5532079459713675,0.0,0.0,0.0,0.0,
c2e30fd3e7afcf16294865ec3907506a6a2bb12b86d784a71834926a7d10b0c6,2026-07-28T10:00:00,1,0.007815295889194851,0.0,0.0,0.0,0.0,4.5532079459713675,0.0,0.0,0.0,0.0,
c2e30fd3e7afcf16294865ec3907506a6a2bb12b86d784a71834926a7d10b0c6,2026-07-28T10:00:00,1,-0.03894052372411898,0.0,0.0,0.0,0.0,4.5532079459713675,0.0,0.0,0.0,0.0,
c2e30fd3e7afcf16294865ec3907506a6a2bb12b86d784a71834926a7d10b0c6,2026-07-28T11:00:00,1,-0.004457311389847888,0.0,0.0,0.0,0.0,4.5532079459713675,0.0,0.0,0.0,0.0,
c2e30fd3e7afcf16294865ec3907506a6a2bb12b86d784a71834926a7d10b0c6,2026-07-28T11:00:00,1,-0.030737731793122003,0.0,0.0,0.0,0.0,0.0,0.0,0.0,0.0,0.0,
c2e30fd3e7afcf16294865ec3907506a6a2bb12b86d784a71834926a7d10b0c6,2026-07-28T12:00:00,1,0.01820815247178828,0.0,0.0,0.0,0.0,0.0,0.0,0.0,0.0,0.0,
c2e30fd3e7afcf16294865ec3907506a6a2bb12b86d784a71834926a7d10b0c6,2026-07-28T12:00:00,1,0.005607820633414834,0.0,0.0,0.0,0.0,0.0,0.0,0.0,0.0,0.0,
c2e30fd3e7afcf16294865ec3907506a6a2bb12b86d784a71834926a7d10b0c6,2026-07-28T12:00:00,1,0.019651145484982115,0.0,0.0,0.0,0.0,0.0,0.0,0.0,0.0,0.0,
c2e30fd3e7afcf16294865ec3907506a6a2bb12b86d784a71834926a7d10b0c6,2026-07-28T13:00:00,1,0.03324665489672758,1.0,0.0,0.0,0.0,0.0,0.0,0.0,0.0,0.0,
c2e30fd3e7afcf16294865ec3907506a6a2bb12b86d784a71834926a7d10b0c6,2026-07-28T13:00:00,2,0.004429609868093381,1.0,0.0,0.0,0.0,3.321928094887362,0.0,0.0,0.0,0.0,
c2e30fd3e7afcf16294865ec3907506a6a2bb12b86d784a71834926a7d10b0c6,2026-07-28T13:00:00,2,-0.0013445512834770255,1.0,0.0,0.0,0.0,3.321928094887362,0.0,0.0,0.0,0.0,
c2e30fd3e7afcf16294865ec3907506a6a2bb12b86d784a71834926a7d10b0c6,2026-07-28T14:00:00,2,-0.05138686688457672,1.0,0.0,0.0,0.0,3.321928094887362,0.0,0.0,0.0,0.0,
c2e30fd3e7afcf16294865ec3907506a6a2bb12b86d784a71834926a7d10b0c6,2026-07-28T14:00:00,2,-0.01446918315909474,1.0,0.0,0.0,0.0,3.321928094887362,0.0,0.0,0.0,0.0,
c2e30fd3e7afcf16294865ec3907506a6a2bb12b86d784a71834926a7d10b0c6,2026-07-28T14:00:00,1,-0.05403465520002611,1.0,0.0,0.0,0.0,0.0,0.0,0.0,0.0,0.0,
c2e30fd3e7afcf16294865ec3907506a6a2bb12b86d784a71834926a7d10b0c6,2026-07-28T14:00:00,1,-0.018217012482352676,1.0,0.0,0.0,0.0,0.0,0.0,0.0,0.0,0.0,
c2e30fd3e7afcf16294865ec3907506a6a2bb12b86d784a71834926a7d10b0c6,2026-07-28T15:00:00,1,0.008123296393654996,1.0,0.0,0.0,0.0,0.0,0.0,0.0,0.0,0.0,
c2e30fd3e7afcf16294865ec3907506a6a2bb12b86d784a71834926a7d10b0c6,2026-07-28T18:00:00,1,0.03269349633638351,0.0,0.0,0.0,0.0,3.321928094887362,0.0,0.0,1.0,0.0,
c2e30fd3e7afcf16294865ec3907506a6a2bb12b86d784a71834926a7d10b0c6,2026-07-28T18:00:00,1,-0.00789520805103316,0.0,0.0,0.0,0.0,3.321928094887362,0.0,0.0,1.0,0.0,
c2e30fd3e7afcf16294865ec3907506a6a2bb12b86d784a71834926a7d10b0c6,2026-07-28T18:00:00,1,0.03546196397716899,0.0,0.0,0.0,0.0,3.321928094887362,0.0,0.0,1.0,0.0,
c2e30fd3e7afcf16294865ec3907506a6a2bb12b86d784a71834926a7d10b0c6,2026-07-28T18:00:00,1,0.010969698373874879,0.0,0.0,0.0,0.0,3.321928094887362,0.0,0.0,1.0,0.0,
c2e30fd3e7afcf16294865ec3907506a6a2bb12b86d784a71834926a7d10b0c6,2026-07-28T22:00:00,1,0.011775343590854704,0.0,0.0,0.0,0.0,3.039148671903071,0.0,0.0,1.0,0.0,
c2e30fd3e7afcf16294865ec3907506a6a2bb12b86d784a71834926a7d10b0c6,2026-07-28T22:00:00,1,0.006930366266296628,0.0,0.0,0.0,0.0,3.039148671903071,0.0,0.0,1.0,0.0,
c2e30fd3e7afcf16294865ec3907506a6a2bb12b86d784a71834926a7d10b0c6,2026-07-28T22:00:00,1,0.03302509282907335,0.0,0.0,0.0,0.0,3.039148671903071,0.0,0.0,1.0,0.0,
c2e30fd3e7afcf16294865ec3907506a6a2bb12b86d784a71834926a7d10b0c6,2026-07-28T22:00:00,1,0.06586747317726135,0.0,0.0,0.0,0.0,3.039148671903071,0.0,0.0,1.0,0.0,
c2e30fd3e7afcf16294865ec3907506a6a2bb12b86d784a71834926a7d10b0c6,2026-07-29T04:00:00,1,0.025040871129250474,0.0,0.0,0.0,0.0,2.6464393446710157,0.0,0.0,1.0,0.0,
c2e30fd3e7afcf16294865ec3907506a6a2bb12b86d784a71834926a7d10b0c6,2026-07-29T04:00:00,1,0.04592596360342903,0.0,0.0,0.0,0.0,2.6464393446710157,0.0,0.0,1.0,0.0,
c2e30fd3e7afcf16294865ec3907506a6a2bb12b86d784a71834926a7d10b0c6,2026-07-29T05:00:00,1,0.03275833644549914,0.0,0.0,0.0,0.0,2.6464393446710157,0.0,0.0,1.0,0.0,
c2e30fd3e7afcf16294865ec3907506a6a2bb12b86d784a71834926a7d10b0c6,2026-07-29T05:00:00,1,0.0014575824720327072,0.0,0.0,0.0,0.0,2.6464393446710157,0.0,0.0,1.0,0.0,
c2e30fd3e7afcf16294865ec3907506a6a2bb12b86d784a71834926a7d10b0c6,2026-07-29T08:00:00,1,0.9774330836772701,0.0,0.0,0.0,0.0,0.0,0.0,0.0,0.0,0.0,
c2e30fd3e7afcf16294865ec3907506a6a2bb12b86d784a71834926a7d10b0c6,2026-07-29T08:00:00,1,1.0147778590163608,0.0,0.0,0.0,0.0,0.0,0.0,0.0,0.0,0.0,
c2e30fd3e7afcf16294865ec3907506a6a2bb12b86d784a71834926a7d10b0c6,2026-07-29T08:00:00,1,0.979258191746744,0.0,0.0,0.0,0.0,0.0,0.0,0.0,0.0,0.0,
c2e30fd3e7afcf16294865ec3907506a6a2bb12b86d784a71834926a7d10b0c6,2026-07-29T09:00:00,1,1.0269529526534575,0.0,0.0,0.0,0.0,0.0,0.0,0.0,0.0,0.0,
c2e30fd3e7afcf16294865ec3907506a6a2bb12b86d784a71834926a7d10b0c6,2026-07-29T09:00:00,1,-0.024089662441594696,1.0,0.0,0.0,0.0,0.0,0.0,0.0,0.0,0.0,
c2e30fd3e7afcf16294865ec3907506a6a2bb12b86d784a71834926a7d10b0c6,2026-07-29T10:00:00,1,0.013411537299699544,1.0,0.0,0.0,0.0,0.0,0.0,0.0,0.0,0.0,
c2e30fd3e7afcf16294865ec3907506a6a2bb12b86d784a71834926a7d10b0c6,2026-07-29T10:00:00,1,0.010007985141856713,1.0,0.0,0.0,0.0,0.0,0.0,0.0,0.0,0.0,
c2e30fd3e7afcf16294865ec3907506a6a2bb12b86d784a71834926a7d10b0c6,2026-07-29T10:00:00,1,-0.004398024386055703,1.0,0.0,0.0,0.0,0.0,0.0,0.0,0.0,0.0,
c2e30fd3e7afcf16294865ec3907506a6a2bb12b86d784a71834926a7d10b0c6,2026-07-29T15:00:00,1,-0.010711502882359631,0.0,0.0,0.0,0.0,2.6464393446710157,0.0,0.0,0.0,0.0,
c2e30fd3e7afcf16294865ec3907506a6a2bb12b86d784a71834926a7d10b0c6,2026-07-29T15:00:00,1,-0.02904889436251669,0.0,0.0,0.0,0.0,2.6464393446710157,0.0,0.0,0.0,0.0,
c2e30fd3e7afcf16294865ec3907506a6a2bb12b86d784a71834926a7d10b0c6,2026-07-29T15:00:00,1,0.0031308982619363906,0.0,0.0,0.0,0.0,2.6464393446710157,0.0,0.0,0.0,0.0,
c2e30fd3e7afcf16294865ec3907506a6a2bb12b86d784a71834926a7d10b0c6,2026-07-29T15:00:00,1,-0.031204273242042346,0.0,0.0,0.0,0.0,2.6464393446710157,0.0,0.0,0.0,0.0,
c2e30fd3e7afcf16294865ec3907506a6a2bb12b86d784a71834926a7d10b0c6,2026-07-29T16:00:00,1,-0.006755169415233493,0.0,0.0,0.0,0.0,0.0,0.0,0.0,1.0,0.0,
c2e30fd3e7afcf16294865ec3907506a6a2bb12b86d784a71834926a7d10b0c6,2026-07-29T17:00:00,1,-0.00897633935114948,0.0,0.0,0.0,0.0,0.0,0.0,0.0,1.0,0.0,
c2e30fd3e7afcf16294865ec3907506a6a2bb12b86d784a71834926a7d10b0c6,2026-07-29T17:00:00,1,-0.006715632791983453,0.0,0.0,0.0,0.0,0.0,0.0,0.0,1.0,0.0,
c2e30fd3e7afcf16294865ec3907506a6a2bb12b86d784a71834926a7d10b0c6,2026-07-29T17:00:00,1,-0.03522675809607286,0.0,0.0,0.0,0.0,0.0,0.0,0.0,1.0,0.0,
c2e30fd3e7afcf16294865ec3907506a6a2bb12b86d784a71834926a7d10b0c6,2026-07-29T18:00:00,1,0.04995429235932321,1.0,0.0,0.0,0.0,0.0,0.0,0.0,1.0,0.0,
c2e30fd3e7afcf16294865ec3907506a6a2bb12b86d784a71834926a7d10b0c6,2026-07-29T18:00:00,1,0.012331488544150605,1.0,0.0,0.0,0.0,0.0,0.0,0.0,1.0,0.0,
c2e30fd3e7afcf16294865ec3907506a6a2bb12b86d784a71834926a7d10b0c6,2026-07-29T19:00:00,1,0.0007857749481731262,1.0,0.0,0.0,0.0,0.0,0.0,0.0,1.0,0.0,
c2e30fd3e7afcf16294865ec3907506a6a2bb12b86d784a71834926a7d10b0c6,2026-07-29T19:00:00,1,0.007812897755671703,1.0,0.0,0.0,0.0,0.0,0.0,0.0,1.0,0.0,
c2e30fd3e7afcf16294865ec3907506a6a2bb12b86d784a71834926a7d10b0c6,2026-07-30T00:00:00,1,-0.07897133903212764,0.0,0.0,0.0,0.0,3.337175341123077,0.0,0.0,1.0,0.0,
c2e30fd3e7afcf16294865ec3907506a6a2bb12b86d784a71834926a7d10b0c6,2026-07-30T00:00:00,1,-0.004714530507154515,0.0,0.0,0.0,0.0,3.337175341123077,0.0,0.0,1.0,0.0,
c2e30fd3e7afcf16294865ec3907506a6a2bb12b86d784a71834926a7d10b0c6,2026-07-30T00:00:00,1,0.004952824748654516,0.0,0.0,0.0,0.0,3.337175341123077,0.0,0.0,1.0,0.0,
c2e30fd3e7afcf16294865ec3907506a6a2bb12b86d784a71834926a7d10b0c6,2026-07-30T01:00:00,1,0.00972054291091183,0.0,0.0,0.0,0.0,3.337175341123077,0.0,0.0,1.0,0.0,
c2e30fd3e7afcf16294865ec3907506a6a2bb12b86d784a71834926a7d10b0c6,2026-07-30T02:00:00,1,-0.004869439987495153,0.0,0.0,0.0,0.0,4.084962500721157,0.0,0.0,1.0,0.0,
c2e30fd3e7afcf16294865ec3907506a6a2bb12b86d784a71834926a7d10b0c6,2026-07-30T02:00:00,1,0.021348999041463725,0.0,0.0,0.0,0.0,4.084962500721157,0.0,0.0,1.0,0.0,
c2e30fd3e7afcf16294865ec3907506a6a2bb12b86d784a71834926a7d10b0c6,2026-07-30T02:00:00,1,0.030266221987649784,0.0,0.0,0.0,0.0,4.084962500721157,0.0,0.0,1.0,0.0,
c2e30fd3e7afcf16294865ec3907506a6a2bb12b86d784a71834926a7d10b0c6,2026-07-30T03:00:00,1,0.01124655368133627,0.0,0.0,0.0,0.0,4.084962500721157,0.0,0.0,1.0,0.0,
c2e30fd3e7afcf16294865ec3907506a6a2bb12b86d784a71834926a7d10b0c6,2026-07-30T06:00:00,1,0.014414269732477215,0.0,0.0,0.0,0.0,3.321928094887362,0.0,0.0,1.0,0.0,
c2e30fd3e7afcf16294865ec3907506a6a2bb12b86d784a71834926a7d10b0c6,2026-07-30T06:00:00,1,0.0561182695940183,0.0,0.0,0.0,0.0,3.321928094887362,0.0,0.0,1.0,0.0,
c2e30fd3e7afcf16294865ec3907506a6a2bb12b86d784a71834926a7d10b0c6,2026-07-30T06:00:00,1,-0.009014346386809799,0.0,0.0,0.0,0.0,3.321928094887362,0.0,0.0,1.0,0.0,
c2e30fd3e7afcf16294865ec3907506a6a2bb12b86d784a71834926a7d10b0c6,2026-07-30T07:00:00,2,-0.0073746091740058695,0.0,0.0,0.0,0.0,2.984183719779189,0.0,0.0,1.0,0.0,
c2e30fd3e7afcf16294865ec3907506a6a2bb12b86d784a71834926a7d10b0c6,2026-07-30T07:00:00,1,-0.007223283708696248,0.0,0.0,0.0,0.0,2.6464393446710157,0.0,0.0,1.0,0.0,
c2e30fd3e7afcf16294865ec3907506a6a2bb12b86d784a71834926a7d10b0c6,2026-07-30T07:00:00,1,0.004596069997573684,0.0,0.0,0.0,0.0,2.6464393446710157,0.0,0.0,1.0,0.0,
c2e30fd3e7afcf16294865ec3907506a6a2bb12b86d784a71834926a7d10b0c6,2026-07-30T07:00:00,1,0.03287833875692252,0.0,0.0,0.0,0.0,2.6464393446710157,0.0,0.0,1.0,0.0,
c2e30fd3e7afcf16294865ec3907506a6a2bb12b86d784a71834926a7d10b0c6,2026-07-30T10:00:00,1,0.03116926238264092,0.0,0.0,0.0,0.0,3.039148671903071,0.0,0.0,0.0,0.0,
c2e30fd3e7afcf16294865ec3907506a6a2bb12b86d784a71834926a7d10b0c6,2026-07-30T10:00:00,1,-0.01979132521589735,0.0,0.0,0.0,0.0,3.039148671903071,0.0,0.0,0.0,0.0,
c2e30fd3e7afcf16294865ec3907506a6a2bb12b86d784a71834926a7d10b0c6,2026-07-30T10:00:00,1,-0.02696351580991382,0.0,0.0,0.0,0.0,3.039148671903071,0.0,0.0,0.0,0.0,
c2e30fd3e7afcf16294865ec3907506a6a2bb12b86d784a71834926a7d10b0c6,2026-07-30T10:00:00,1,-0.01305884572214554,0.0,0.0,0.0,0.0,3.039148671903071,0.0,0.0,0.0,0.0,
c2e30fd3e7afcf16294865ec3907506a6a2bb12b86d784a71834926a7d10b0c6,2026-07-30T11:00:00,1,0.013257649041250446,0.0,0.0,0.0,0.0,0.0,0.0,0.0,0.0,0.0,
c2e30fd3e7afcf16294865ec3907506a6a2bb12b86d784a71834926a7d10b0c6,2026-07-30T12:00:00,1,0.002765531134520292,0.0,0.0,0.0,0.0,0.0,0.0,0.0,0.0,0.0,
c2e30fd3e7afcf16294865ec3907506a6a2bb12b86d784a71834926a7d10b0c6,2026-07-30T12:00:00,1,-0.02140500143200021,0.0,0.0,0.0,0.0,0.0,0.0,0.0,0.0,0.0,
c2e30fd3e7afcf16294865ec3907506a6a2bb12b86d784a71834926a7d10b0c6,2026-07-30T12:00:00,2,0.00873618385419377,0.0,0.0,0.0,0.0,3.039148671903071,0.0,0.0,0.0,0.0,
c2e30fd3e7afcf16294865ec3907506a6a2bb12b86d784a71834926a7d10b0c6,2026-07-30T12:00:00,1,0.024925919146844343,0.0,0.0,0.0,0.0,3.039148671903071,0.0,0.0,0.0,0.0,
c2e30fd3e7afcf16294865ec3907506a6a2bb12b86d784a71834926a7d10b0c6,2026-07-30T13:00:00,1,0.007544858144921482,0.0,0.0,0.0,0.0,3.039148671903071,0.0,0.0,0.0,0.0,
c2e30fd3e7afcf16294865ec3907506a6a2bb12b86d784a71834926a7d10b0c6,2026-07-30T13:00:00,1,-0.017820422630537763,0.0,0.0,0.0,0.0,3.039148671903071,0.0,0.0,0.0,0.0,
c2e30fd3e7afcf16294865ec3907506a6a2bb12b86d784a71834926a7d10b0c6,2026-07-30T14:00:00,1,0.09727317988760885,0.0,0.0,0.0,0.0,2.6464393446710157,0.0,0.0,0.0,0.0,
c2e30fd3e7afcf16294865ec3907506a6a2bb12b86d784a71834926a7d10b0c6,2026-07-30T15:00:00,1,0.0021346638532764597,0.0,0.0,0.0,0.0,2.6464393446710157,0.0,0.0,0.0,0.0,
c2e30fd3e7afcf16294865ec3907506a6a2bb12b86d784a71834926a7d10b0c6,2026-07-30T15:00:00,1,0.01716744654912475,0.0,0.0,0.0,0.0,2.6464393446710157,0.0,0.0,0.0,0.0,
c2e30fd3e7afcf16294865ec3907506a6a2bb12b86d784a71834926a7d10b0c6,2026-07-30T15:00:00,1,-0.051656072023805004,0.0,0.0,0.0,0.0,2.6464393446710157,0.0,0.0,0.0,0.0,
e76836c6a0f564a12c3c7ccab412226bd656eef0d9c643d81f16aa9aa3750a12,2026-07-28T00:00:00,1,-0.0012235944662046013,1.0,0.0,0.0,0.0,0.0,0.0,0.0,1.0,0.0,
e76836c6a0f564a12c3c7ccab412226bd656eef0d9c643d81f16aa9aa3750a12,2026-07-28T00:00:00,1,-0.019592663694258917,1.0,0.0,0.0,0.0,0.0,0.0,0.0,1.0,0.0,
e76836c6a0f564a12c3c7ccab412226bd656eef0d9c643d81f16aa9aa3750a12,2026-07-28T02:00:00,1,-0.0010378266608406792,1.0,0.0,0.0,0.0,0.0,0.0,0.0,1.0,0.0,
e76836c6a0f564a12c3c7ccab412226bd656eef0d9c643d81f16aa9aa3750a12,2026-07-28T02:00:00,1,-0.0067909429552952955,1.0,0.0,0.0,0.0,0.0,0.0,0.0,1.0,0.0,
e76836c6a0f564a12c3c7ccab412226bd656eef0d9c643d81f16aa9aa3750a12,2026-07-28T02:00:00,1,0.011812543266821837,1.0,0.0,0.0,0.0,0.0,0.0,0.0,1.0,0.0,
e76836c6a0f564a12c3c7ccab412226bd656eef0d9c643d81f16aa9aa3750a12,2026-07-28T03:00:00,1,-0.007941510423616847,1.0,0.0,0.0,0.0,0.0,0.0,0.0,1.0,0.0,
e76836c6a0f564a12c3c7ccab412226bd656eef0d9c643d81f16aa9aa3750a12,2026-07-28T07:00:00,1,0.025626051728449707,1.0,0.0,0.0,0.0,0.0,0.0,0.0,1.0,0.0,
e76836c6a0f564a12c3c7ccab412226bd656eef0d9c643d81f16aa9aa3750a12,2026-07-28T07:00:00,1,0.007984235640469465,1.0,0.0,0.0,0.0,0.0,0.0,0.0,1.0,0.0,
e76836c6a0f564a12c3c7ccab412226bd656eef0d9c643d81f16aa9aa3750a12,2026-07-28T08:00:00,3,-0.013379238181960258,2.0,223.8234953800286,0.0,0.0,0.0,0.0,0.0,0.3333333333333333,0.0,
e76836c6a0f564a12c3c7ccab412226bd656eef0d9c643d81f16aa9aa3750a12,2026-07-28T08:00:00,3,0.017725091618201082,2.0,223.8234953800286,0.0,0.0,0.0,0.0,0.0,0.3333333333333333,0.0,
e76836c6a0f564a12c3c7ccab412226bd656eef0d9c643d81f16aa9aa3750a12,2026-07-28T08:00:00,2,-0.02550610452267665,1.0,0.0,0.0,0.0,0.0,0.0,0.0,0.0,0.0,
e76836c6a0f564a12c3c7ccab412226bd656eef0d9c643d81f16aa9aa3750a12,2026-07-28T08:00:00,2,0.01496764138078055,1.0,0.0,0.0,0.0,0.0,0.0,0.0,0.0,0.0,
e76836c6a0f564a12c3c7ccab412226bd656eef0d9c643d81f16aa9aa3750a12,2026-07-28T11:00:00,1,0.011960738091734084,0.0,0.0,0.0,0.0,0.0,0.0,0.0,0.0,0.0,
e76836c6a0f564a12c3c7ccab412226bd656eef0d9c643d81f16aa9aa3750a12,2026-07-28T11:00:00,1,-0.023440330581410877,0.0,0.0,0.0,0.0,0.0,0.0,0.0,0.0,0.0,
e76836c6a0f564a12c3c7ccab412226bd656eef0d9c643d81f16aa9aa3750a12,2026-07-28T11:00:00,1,0.00820659042954087,0.0,0.0,0.0,0.0,0.0,0.0,0.0,0.0,0.0,
e76836c6a0f564a12c3c7ccab412226bd656eef0d9c643d81f16aa9aa3750a12,2026-07-28T11:00:00,1,-0.0766834781361488,0.0,0.0,0.0,0.0,0.0,0.0,0.0,0.0,0.0,
e76836c6a0f564a12c3c7ccab412226bd656eef0d9c643d81f16aa9aa3750a12,2026-07-28T12:00:00,1,-0.01492157966032826,1.0,0.0,0.0,0.0,0.0,0.0,0.0,0.0,0.0,
e76836c6a0f564a12c3c7ccab412226bd656eef0d9c643d81f16aa9aa3750a12,2026-07-28T12:00:00,1,0.050308265755729,1.0,0.0,0.0,0.0,0.0,0.0,0.0,0.0,0.0,
e76836c6a0f564a12c3c7ccab412226bd656eef0d9c643d81f16aa9aa3750a12,2026-07-28T13:00:00,1,0.0034246524974326916,1.0,0.0,0.0,0.0,0.0,0.0,0.0,0.0,0.0,
e76836c6a0f564a12c3c7ccab412226bd656eef0d9c643d81f16aa9aa3750a12,2026-07-28T13:00:00,1,0.009972908481916138,1.0,0.0,0.0,0.0,0.0,0.0,0.0,0.0,0.0,
e76836c6a0f564a12c3c7ccab412226bd656eef0d9c643d81f16aa9aa3750a12,2026-07-28T19:00:00,1,-0.07316890516704114,1.0,0.0,0.0,0.0,0.0,0.0,0.0,1.0,0.0,
e76836c6a0f564a12c3c7ccab412226bd656eef0d9c643d81f16aa9aa3750a12,2026-07-28T19:00:00,1,0.04008185684017211,1.0,0.0,0.0,0.0,0.0,0.0,0.0,1.0,0.0,
e76836c6a0f564a12c3c7ccab412226bd656eef0d9c643d81f16aa9aa3750a12,2026-07-28T19:00:00,1,-0.004162890405442322,1.0,0.0,0.0,0.0,0.0,0.0,0.0,1.0,0.0,
e76836c6a0f564a12c3c7ccab412226bd656eef0d9c643d81f16aa9aa3750a12,2026-07-28T20:00:00,1,0.011682534309753164,1.0,0.0,0.0,0.0,0.0,0.0,0.0,1.0,0.0,
e76836c6a0f564a12c3c7ccab412226bd656eef0d9c643d81f16aa9aa3750a12,2026-07-28T20:00:00,1,0.0026458450058588997,0.0,0.0,0.0,0.0,0.0,0.0,0.0,1.0,0.0,
e76836c6a0f564a12c3c7ccab412226bd656eef0d9c643d81f16aa9aa3750a12,2026-07-28T21:00:00,1,-0.05031772638437765,0.0,0.0,0.0,0.0,0.0,0.0,0.0,1.0,0.0,
e76836c6a0f564a12c3c7ccab412226bd656eef0d9c643d81f16aa9aa3750a12,2026-07-28T21:00:00,1,0.018241949306245422,0.0,0.0,0.0,0.0,0.0,0.0,0.0,1.0,0.0,
e76836c6a0f564a12c3c7ccab412226bd656eef0d9c643d81f16aa9aa3750a12,2026-07-28T21:00:00,1,0.008970106573451892,0.0,0.0,0.0,0.0,0.0,0.0,0.0,1.0,0.0,
e76836c6a0f564a12c3c7ccab412226bd656eef0d9c643d81f16aa9aa3750a12,2026-07-29T01:00:00,1,-0.017552887959693033,1.0,0.0,0.0,0.0,0.0,0.0,0.0,1.0,0.0,
e76836c6a0f564a12c3c7ccab412226bd656eef0d9c643d81f16aa9aa3750a12,2026-07-29T01:00:00,1,0.000942024187188055,1.0,0.0,0.0,0.0,0.0,0.0,0.0,1.0,0.0,
e76836c6a0f564a12c3c7ccab412226bd656eef0d9c643d81f16aa9aa3750a12,2026-07-29T01:00:00,1,0.053509069806275227,1.0,0.0,0.0,0.0,0.0,0.0,0.0,1.0,0.0,
e76836c6a0f564a12c3c7ccab412226bd656eef0d9c643d81f16aa9aa3750a12,2026-07-29T01:00:00,1,0.006593350668570738,1.0,0.0,0.0,0.0,0.0,0.0,0.0,1.0,0.0,
e76836c6a0f564a12c3c7ccab412226bd656eef0d9c643d81f16aa9aa3750a12,2026-07-29T05:00:00,1,0.015666861967355384,1.0,0.0,0.0,0.0,0.0,0.0,0.0,1.0,0.0,
e76836c6a0f564a12c3c7ccab412226bd656eef0d9c643d81f16aa9aa3750a12,2026-07-29T05:00:00,1,0.004955697131814105,1.0,0.0,0.0,0.0,0.0,0.0,0.0,1.0,0.0,
e76836c6a0f564a12c3c7ccab412226bd656eef0d9c643d81f16aa9aa3750a12,2026-07-29T05:00:00,1,0.013681693127141131,1.0,0.0,0.0,0.0,0.0,0.0,0.0,1.0,0.0,
e76836c6a0f564a12c3c7ccab412226bd656eef0d9c643d81f16aa9aa3750a12,2026-07-29T06:00:00,2,0.5689118969519721,1.0,75.49686121136489,0.0,0.0,0.0,0.0,0.0,1.0,0.0,
e76836c6a0f564a12c3c7ccab412226bd656eef0d9c643d81f16aa9aa3750a12,2026-07-29T06:00:00,1,0.9877745808866483,0.0,0.0,0.0,0.0,0.0,0.0,0.0,1.0,0.0,
e76836c6a0f564a12c3c7ccab412226bd656eef0d9c643d81f16aa9aa3750a12,2026-07-29T06:00:00,2,0.5108736475434029,1.0,53.41349822592275,0.0,0.0,0.0,0.0,0.0,1.0,0.0,
e76836c6a0f564a12c3c7ccab412226bd656eef0d9c643d81f16aa9aa3750a12,2026-07-29T06:00:00,2,0.5709112521341464,1.0,53.41349822592275,0.0,0.0,0.0,0.0,0.0,1.0,0.0,
e76836c6a0f564a12c3c7ccab412226bd656eef0d9c643d81f16aa9aa3750a12,2026-07-29T07:00:00,1,0.06563032240282564,1.0,0.0,0.0,0.0,0.0,0.0,0.0,1.0,0.0,
e76836c6a0f564a12c3c7ccab412226bd656eef0d9c643d81f16aa9aa3750a12,2026-07-29T07:00:00,1,-0.06303348126004725,1.0,0.0,0.0,0.0,0.0,0.0,0.0,1.0,0.0,
e76836c6a0f564a12c3c7ccab412226bd656eef0d9c643d81f16aa9aa3750a12,2026-07-29T08:00:00,1,0.022866464361104878,0.0,0.0,0.0,0.0,3.039148671903071,0.0,0.0,0.0,0.0,
e76836c6a0f564a12c3c7ccab412226bd656eef0d9c643d81f16aa9aa3750a12,2026-07-29T09:00:00,1,0.0041764231935793915,0.0,0.0,0.0,0.0,3.039148671903071,0.0,0.0,0.0,0.0,
e76836c6a0f564a12c3c7ccab412226bd656eef0d9c643d81f16aa9aa3750a12,2026-07-29T09:00:00,1,-0.0011858395589489912,0.0,0.0,0.0,0.0,3.039148671903071,0.0,0.0,0.0,0.0,
e76836c6a0f564a12c3c7ccab412226bd656eef0d9c643d81f16aa9aa3750a12,2026-07-29T09:00:00,2,-0.004871726766774618,0.0,0.0,0.0,0.0,3.039148671903071,0.0,0.0,0.0,0.0,
e76836c6a0f564a12c3c7ccab412226bd656eef0d9c643d81f16aa9aa3750a12,2026-07-29T09:00:00,1,-0.009179863972183669,0.0,0.0,0.0,0.0,0.0,0.0,0.0,0.0,0.0,
e76836c6a0f564a12c3c7ccab412226bd656eef0d9c643d81f16aa9aa3750a12,2026-07-29T10:00:00,1,0.002796952162248208,0.0,0.0,0.0,0.0,0.0,0.0,0.0,0.0,0.0,
e76836c6a0f564a12c3c7ccab412226bd656eef0d9c643d81f16aa9aa3750a12,2026-07-29T10:00:00,1,0.07041108214986741,0.0,0.0,0.0,0.0,0.0,0.0,0.0,0.0,0.0,
e76836c6a0f564a12c3c7ccab412226bd656eef0d9c643d81f16aa9aa3750a12,2026-07-29T12:00:00,1,0.02216088365302617,0.0,0.0,0.0,0.0,3.039148671903071,0.0,0.0,0.0,0.0,
e76836c6a0f564a12c3c7ccab412226bd656eef0d9c643d81f16aa9aa3750a12,2026-07-29T12:00:00,1,-0.005132226065645489,0.0,0.0,0.0,0.0,3.039148671903071,0.0,0.0,0.0,0.0,
e76836c6a0f564a12c3c7ccab412226bd656eef0d9c643d81f16aa9aa3750a12,2026-07-29T12:00:00,1,-0.020721621007238095,0.0,0.0,0.0,0.0,3.039148671903071,0.0,0.0,0.0,0.0,
e76836c6a0f564a12c3c7ccab412226bd656eef0d9c643d81f16aa9aa3750a12,2026-07-29T13:00:00,1,0.0028803620882003316,0.0,0.0,0.0,0.0,3.039148671903071,0.0,0.0,0.0,0.0,
e76836c6a0f564a12c3c7ccab412226bd656eef0d9c643d81f16aa9aa3750a12,2026-07-29T14:00:00,1,-0.05007830527226147,1.0,0.0,0.0,0.0,0.0,0.0,0.0,0.0,0.0,
e76836c6a0f564a12c3c7ccab412226bd656eef0d9c643d81f16aa9aa3750a12,2026-07-29T14:00:00,1,0.0021080384117339664,1.0,0.0,0.0,0.0,0.0,0.0,0.0,0.0,0.0,
e76836c6a0f564a12c3c7ccab412226bd656eef0d9c643d81f16aa9aa3750a12,2026-07-29T14:00:00,1,-0.005861296009558517,1.0,0.0,0.0,0.0,0.0,0.0,0.0,0.0,0.0,
e76836c6a0f564a12c3c7ccab412226bd656eef0d9c643d81f16aa9aa3750a12,2026-07-29T15:00:00,1,0.009333645511685688,1.0,0.0,0.0,0.0,0.0,0.0,0.0,0.0,0.0,
e76836c6a0f564a12c3c7ccab412226bd656eef0d9c643d81f16aa9aa3750a12,2026-07-29T15:00:00,1,-0.021721596481096554,1.0,0.0,0.0,0.0,0.0,0.0,0.0,0.0,0.0,
e76836c6a0f564a12c3c7ccab412226bd656eef0d9c643d81f16aa9aa3750a12,2026-07-29T15:00:00,3,0.06180971346048898,2.0,28544.46822373421,0.0,0.0,0.0,0.0,0.0,0.0,0.0,
e76836c6a0f564a12c3c7ccab412226bd656eef0d9c643d81f16aa9aa3750a12,2026-07-29T16:00:00,4,-0.0017198621016001898,3.0,33424.76559493546,0.0,0.0,0.0,0.0,0.0,0.25,0.0,
e76836c6a0f564a12c3c7ccab412226bd656eef0d9c643d81f16aa9aa3750a12,2026-07-29T16:00:00,4,0.008647272533730098,3.0,33424.76559493546,0.0,0.0,0.0,0.0,0.0,0.25,0.0,
e76836c6a0f564a12c3c7ccab412226bd656eef0d9c643d81f16aa9aa3750a12,2026-07-29T16:00:00,3,-0.006914915736830292,2.0,33424.76559493546,0.0,0.0,0.0,0.0,0.0,0.3333333333333333,0.0,
e76836c6a0f564a12c3c7ccab412226bd656eef0d9c643d81f16aa9aa3750a12,2026-07-29T16:00:00,1,0.02516944360118373,1.0,0.0,0.0,0.0,0.0,0.0,0.0,1.0,0.0,
e76836c6a0f564a12c3c7ccab412226bd656eef0d9c643d81f16aa9aa3750a12,2026-07-29T17:00:00,1,1.047418128384697,0.0,0.0,0.0,0.0,0.0,0.0,0.0,1.0,0.0,
e76836c6a0f564a12c3c7ccab412226bd656eef0d9c643d81f16aa9aa3750a12,2026-07-29T17:00:00,2,0.4824510970805629,1.0,155.19226820664943,0.0,0.0,0.0,0.0,0.0,1.0,0.0,
e76836c6a0f564a12c3c7ccab412226bd656eef0d9c643d81f16aa9aa3750a12,2026-07-29T17:00:00,2,0.4694001578161152,1.0,155.19226820664943,0.0,0.0,0.0,0.0,0.0,1.0,0.0,
e76836c6a0f564a12c3c7ccab412226bd656eef0d9c643d81f16aa9aa3750a12,2026-07-29T18:00:00,2,0.4552859420729036,1.0,155.19226820664943,0.0,0.0,0.0,0.0,0.0,1.0,0.0,
e76836c6a0f564a12c3c7ccab412226bd656eef0d9c643d81f16aa9aa3750a12,2026-07-29T18:00:00,1,0.003775267865041357,1.0,0.0,0.0,0.0,0.0,0.0,0.0,1.0,0.0,
e76836c6a0f564a12c3c7ccab412226bd656eef0d9c643d81f16aa9aa3750a12,2026-07-29T21:00:00,1,0.9975762074584218,0.0,0.0,0.0,0.0,0.0,0.0,0.0,1.0,0.0,
e76836c6a0f564a12c3c7ccab412226bd656eef0d9c643d81f16aa9aa3750a12,2026-07-29T21:00:00,1,1.0057473256882248,0.0,0.0,0.0,0.0,0.0,0.0,0.0,1.0,0.0,
e76836c6a0f564a12c3c7ccab412226bd656eef0d9c643d81f16aa9aa3750a12,2026-07-29T22:00:00,1,1.0014740256462356,0.0,0.0,0.0,0.0,0.0,0.0,0.0,1.0,0.0,
e76836c6a0f564a12c3c7ccab412226bd656eef0d9c643d81f16aa9aa3750a12,2026-07-29T22:00:00,1,1.004211600358252,0.0,0.0,0.0,0.0,0.0,0.0,0.0,1.0,0.0,
e76836c6a0f564a12c3c7ccab412226bd656eef0d9c643d81f16aa9aa3750a12,2026-07-30T00:00:00,1,0.00627478612481249,1.0,0.0,0.0,0.0,0.0,0.0,0.0,1.0,0.0,
e76836c6a0f564a12c3c7ccab412226bd656eef0d9c643d81f16aa9aa3750a12,2026-07-30T00:00:00,1,-0.002929748745001067,1.0,0.0,0.0,0.0,0.0,0.0,0.0,1.0,0.0,
e76836c6a0f564a12c3c7ccab412226bd656eef0d9c643d81f16aa9aa3750a12,2026-07-30T01:00:00,2,0.008105044605274565,1.0,0.0,0.0,0.0,3.321928094887362,0.0,0.0,1.0,0.0,
e76836c6a0f564a12c3c7ccab412226bd656eef0d9c643d81f16aa9aa3750a12,2026-07-30T01:00:00,2,-0.0007833795269336654,1.0,0.0,0.0,0.0,3.321928094887362,0.0,0.0,1.0,0.0,
e76836c6a0f564a12c3c7ccab412226bd656eef0d9c643d81f16aa9aa3750a12,2026-07-30T01:00:00,1,-0.026520408172357512,0.0,0.0,0.0,0.0,3.321928094887362,0.0,0.0,1.0,0.0,
e76836c6a0f564a12c3c7ccab412226bd656eef0d9c643d81f16aa9aa3750a12,2026-07-30T01:00:00,1,-0.013362806209422656,0.0,0.0,0.0,0.0,3.321928094887362,0.0,0.0,1.0,0.0,
e76836c6a0f564a12c3c7ccab412226bd656eef0d9c643d81f16aa9aa3750a12,2026-07-30T04:00:00,1,-0.01090154597888504,1.0,0.0,0.0,0.0,0.0,0.0,0.0,1.0,0.0,
e76836c6a0f564a12c3c7ccab412226bd656eef0d9c643d81f16aa9aa3750a12,2026-07-30T04:00:00,2,0.011686206198085157,1.0,0.0,0.0,0.0,4.541336376912015,0.0,0.0,1.0,0.0,
e76836c6a0f564a12c3c7ccab412226bd656eef0d9c643d81f16aa9aa3750a12,2026-07-30T05:00:00,2,0.009585367901829301,1.0,0.0,0.0,0.0,4.541336376912015,0.0,0.0,1.0,0.0,
e76836c6a0f564a12c3c7ccab412226bd656eef0d9c643d81f16aa9aa3750a12,2026-07-30T05:00:00,2,-0.11030080779881765,1.0,0.0,0.0,0.0,4.541336376912015,0.0,0.0,1.0,0.0,
e76836c6a0f564a12c3c7ccab412226bd656eef0d9c643d81f16aa9aa3750a12,2026-07-30T05:00:00,1,0.025376419664946432,0.0,0.0,0.0,0.0,4.541336376912015,0.0,0.0,1.0,0.0,
e76836c6a0f564a12c3c7ccab412226bd656eef0d9c643d81f16aa9aa3750a12,2026-07-30T06:00:00,1,0.009214902218119055,1.0,0.0,0.0,0.0,0.0,0.0,0.0,1.0,0.0,
e76836c6a0f564a12c3c7ccab412226bd656eef0d9c643d81f16aa9aa3750a12,2026-07-30T06:00:00,1,-0.0152082168175352,1.0,0.0,0.0,0.0,0.0,0.0,0.0,1.0,0.0,
e76836c6a0f564a12c3c7ccab412226bd656eef0d9c643d81f16aa9aa3750a12,2026-07-30T06:00:00,1,0.019828594063422987,1.0,0.0,0.0,0.0,0.0,0.0,0.0,1.0,0.0,
e76836c6a0f564a12c3c7ccab412226bd656eef0d9c643d81f16aa9aa3750a12,2026-07-30T06:00:00,1,-0.13795162574982797,1.0,0.0,0.0,0.0,0.0,0.0,0.0,1.0,0.0,
e76836c6a0f564a12c3c7ccab412226bd656eef0d9c643d81f16aa9aa3750a12,2026-07-30T08:00:00,1,-0.007196091131071102,0.0,0.0,0.0,0.0,0.0,0.0,0.0,0.0,0.0,
e76836c6a0f564a12c3c7ccab412226bd656eef0d9c643d81f16aa9aa3750a12,2026-07-30T08:00:00,1,0.0005374592469770761,0.0,0.0,0.0,0.0,0.0,0.0,0.0,0.0,0.0,
e76836c6a0f564a12c3c7ccab412226bd656eef0d9c643d81f16aa9aa3750a12,2026-07-30T08:00:00,1,0.02316368951978867,0.0,0.0,0.0,0.0,0.0,0.0,0.0,0.0,0.0,
e76836c6a0f564a12c3c7ccab412226bd656eef0d9c643d81f16aa9aa3750a12,2026-07-30T09:00:00,1,-0.045324119640730166,0.0,0.0,0.0,0.0,0.0,0.0,0.0,0.0,0.0,
e76836c6a0f564a12c3c7ccab412226bd656eef0d9c643d81f16aa9aa3750a12,2026-07-30T09:00:00,1,0.0006350477805498932,0.0,0.0,0.0,0.0,3.321928094887362,0.0,0.0,0.0,0.0,
e76836c6a0f564a12c3c7ccab412226bd656eef0d9c643d81f16aa9aa3750a12,2026-07-30T09:00:00,1,0.006103899210806091,0.0,0.0,0.0,0.0,3.321928094887362,0.0,0.0,0.0,0.0,
e76836c6a0f564a12c3c7ccab412226bd656eef0d9c643d81f16aa9aa3750a12,2026-07-30T09:00:00,1,-0.007101667930698106,0.0,0.0,0.0,0.0,3.321928094887362,0.0,0.0,0.0,0.0,
e76836c6a0f564a12c3c7ccab412226bd656eef0d9c643d81f16aa9aa3750a12,2026-07-30T10:00:00,1,0.01328267256305889,0.0,0.0,0.0,0.0,3.321928094887362,0.0,0.0,0.0,0.0,
e76836c6a0f564a12c3c7ccab412226bd656eef0d9c643d81f16aa9aa3750a12,2026-07-30T13:00:00,1,0.0010467579918938279,1.0,0.0,0.0,0.0,0.0,0.0,0.0,0.0,0.0,
e76836c6a0f564a12c3c7ccab412226bd656eef0d9c643d81f16aa9aa3750a12,2026-07-30T14:00:00,1,0.017295085408946368,1.0,0.0,0.0,0.0,0.0,0.0,0.0,0.0,0.0,
e76836c6a0f564a12c3c7ccab412226bd656eef0d9c643d81f16aa9aa3750a12,2026-07-30T14:00:00,1,-0.0190618486139655,1.0,0.0,0.0,0.0,0.0,0.0,0.0,0.0,0.0,
e76836c6a0f564a12c3c7ccab412226bd656eef0d9c643d81f16aa9aa3750a12,2026-07-30T14:00:00,1,0.0024812295459624508,1.0,0.0,0.0,0.0,0.0,0.0,0.0,0.0,0.0,
e76836c6a0f564a12c3c7ccab412226bd656eef0d9c643d81f16aa9aa3750a12,2026-07-30T17:00:00,1,0.021074389850174142,0.0,0.0,0.0,0.0,3.039148671903071,0.0,0.0,1.0,0.0,
e76836c6a0f564a12c3c7ccab412226bd656eef0d9c643d81f16aa9aa3750a12,2026-07-30T17:00:00,1,-0.005152173288066968,0.0,0.0,0.0,0.0,3.039148671903071,0.0,0.0,1.0,0.0,
e76836c6a0f564a12c3c7ccab412226bd656eef0d9c643d81f16aa9aa3750a12,2026-07-30T17:00:00,1,-0.013054283905065429,0.0,0.0,0.0,0.0,3.039148671903071,0.0,0.0,1.0,0.0,
e76836c6a0f564a12c3c7ccab412226bd656eef0d9c643d81f16aa9aa3750a12,2026-07-30T18:00:00,1,-0.0007174799183422266,0.0,0.0,0.0,0.0,3.039148671903071,0.0,0.0,1.0,0.0,
e76836c6a0f564a12c3c7ccab412226bd656eef0d9c643d81f16aa9aa3750a12,2026-07-30T19:00:00,1,-0.004906243456120693,0.0,0.0,0.0,0.0,0.0,0.0,0.0,1.0,0.0,
e76836c6a0f564a12c3c7ccab412226bd656eef0d9c643d81f16aa9aa3750a12,2026-07-30T19:00:00,1,-0.006857558227472847,0.0,0.0,0.0,0.0,0.0,0.0,0.0,1.0,0.0,
e76836c6a0f564a12c3c7ccab412226bd656eef0d9c643d81f16aa9aa3750a12,2026-07-30T20:00:00,1,-0.02759370333213314,0.0,0.0,0.0,0.0,0.0,0.0,0.0,1.0,0.0,
e76836c6a0f564a12c3c7ccab412226bd656eef0d9c643d81f16aa9aa3750a12,2026-07-30T20:00:00,1,-0.04330086857687813,0.0,0.0,0.0,0.0,0.0,0.0,0.0,1.0,0.0,
108542107dc5be68b505d5b7f3da70ef557df6eef2a259193966f4d4e5ac34b5,2026-07-28T00:00:00,1,-0.05529702385350499,0.0,0.0,0.0,0.0002777777777777778,0.0,0.19089438409983822,0.0,1.0,0.0,192.168.1.0
108542107dc5be68b505d5b7f3da70ef557df6eef2a259193966f4d4e5ac34b5,2026-07-28T00:00:00,1,-0.006476607549980056,0.0,0.0,0.0,0.0002777777777777778,0.0,0.19089438409983822,0.0,1.0,0.0,192.168.1.0
108542107dc5be68b505d5b7f3da70ef557df6eef2a259193966f4d4e5ac34b5,2026-07-28T00:00:00,2,0.00833559836747435,0.0,0.0,0.0,0.0005555555555555556,0.0,0.18134686448623905,0.0,1.0,0.0,192.168.1.0
108542107dc5be68b505d5b7f3da70ef557df6eef2a259193966f4d4e5ac34b5,2026-07-28T00:00:00,1,0.04726613909994482,0.0,0.0,0.0,0.0002777777777777778,0.0,0.17262846892476522,0.0,1.0,0.0,192.168.1.0
108542107dc5be68b505d5b7f3da70ef557df6eef2a259193966f4d4e5ac34b5,2026-07-28T01:00:00,1,-0.013237446272867815,0.0,0.0,0.0,0.0002777777777777778,0.0,0.17262846892476522,0.0,1.0,0.0,192.168.1.0
108542107dc5be68b505d5b7f3da70ef557df6eef2a259193966f4d4e5ac34b5,2026-07-28T01:00:00,1,-0.008285441542566212,0.0,0.0,0.0,0.0002777777777777778,0.0,0.17262846892476522,0.0,1.0,0.0,192.168.1.0
108542107dc5be68b505d5b7f3da70ef557df6eef2a259193966f4d4e5ac34b5,2026-07-28T18:00:00,1,-0.009705220230213857,0.0,0.0,0.0,0.0002777777777777778,0.0,0.9234323432343234,0.0,1.0,0.0,192.168.1.0
108542107dc5be68b505d5b7f3da70ef557df6eef2a259193966f4d4e5ac34b5,2026-07-28T19:00:00,1,-0.028184551812601308,0.0,0.0,0.0,0.0002777777777777778,0.0,0.9234323432343234,0.0,1.0,0.0,192.168.1.0
108542107dc5be68b505d5b7f3da70ef557df6eef2a259193966f4d4e5ac34b5,2026-07-28T19:00:00,1,0.0024474065143067,0.0,0.0,0.0,0.0002777777777777778,0.0,0.9234323432343234,0.0,1.0,0.0,192.168.1.0
108542107dc5be68b505d5b7f3da70ef557df6eef2a259193966f4d4e5ac34b5,2026-07-28T19:00:00,1,0.028305250813353725,0.0,0.0,0.0,0.0002777777777777778,0.0,0.9234323432343234,0.0,1.0,0.0,192.168.1.0
108542107dc5be68b505d5b7f3da70ef557df6eef2a259193966f4d4e5ac34b5,2026-07-28T21:00:00,1,0.024655089106526324,0.0,0.0,0.0,0.0002777777777777778,0.0,0.04846386845521419,0.0,1.0,0.0,192.168.1.0
108542107dc5be68b505d5b7f3da70ef557df6eef2a259193966f4d4e5ac34b5,2026-07-28T21:00:00,1,-0.001959950983460134,0.0,0.0,0.0,0.0002777777777777778,0.0,0.04846386845521419,0.0,1.0,0.0,192.168.1.0
108542107dc5be68b505d5b7f3da70ef557df6eef2a259193966f4d4e5ac34b5,2026-07-28T21:00:00,1,0.01438187789442909,0.0,0.0,0.0,0.0002777777777777778,0.0,0.04846386845521419,0.0,1.0,0.0,192.168.1.0
108542107dc5be68b505d5b7f3da70ef557df6eef2a259193966f4d4e5ac34b5,2026-07-28T21:00:00,1,-0.005679425124529755,0.0,0.0,0.0,0.0002777777777777778,0.0,0.04846386845521419,0.0,1.0,0.0,192.168.1.0
108542107dc5be68b505d5b7f3da70ef557df6eef2a259193966f4d4e5ac34b5,2026-07-30T02:00:00,1,0.03609364170630461,0.0,0.0,0.0,0.0002777777777777778,0.0,0.5811170212765957,0.0,1.0,0.0,192.168.1.0
108542107dc5be68b505d5b7f3da70ef557df6eef2a259193966f4d4e5ac34b5,2026-07-30T02:00:00,1,-0.02923210142476802,0.0,0.0,0.0,0.0002777777777777778,0.0,0.5811170212765957,0.0,1.0,0.0,192.168.1.0
108542107dc5be68b505d5b7f3da70ef557df6eef2a259193966f4d4e5ac34b5,2026-07-30T02:00:00,1,0.01868315783986268,0.0,0.0,0.0,0.0002777777777777778,0.0,0.5811170212765957,0.0,1.0,0.0,192.168.1.0
108542107dc5be68b505d5b7f3da70ef557df6eef2a259193966f4d4e5ac34b5,2026-07-30T03:00:00,1,-0.028764691055348703,0.0,0.0,0.0,0.0002777777777777778,0.0,0.5811170212765957,0.0,1.0,0.0,192.168.1.0
108542107dc5be68b505d5b7f3da70ef557df6eef2a259193966f4d4e5ac34b5,2026-07-30T14:00:00,1,0.017563512178560815,0.0,0.0,0.0,0.0002777777777777778,0.0,0.10579987253027406,0.0,0.0,0.0,192.168.1.0
108542107dc5be68b505d5b7f3da70ef557df6eef2a259193966f4d4e5ac34b5,2026-07-30T14:00:00,1,-0.0002909192446860822,0.0,0.0,0.0,0.0002777777777777778,0.0,0.10579987253027406,0.0,0.0,0.0,192.168.1.0
108542107dc5be68b505d5b7f3da70ef557df6eef2a259193966f4d4e5ac34b5,2026-07-30T15:00:00,1,0.030575237625010444,0.0,0.0,0.0,0.0002777777777777778,0.0,0.10579987253027406,0.0,0.0,0.0,192.168.1.0
108542107dc5be68b505d5b7f3da70ef557df6eef2a259193966f4d4e5ac34b5,2026-07-30T15:00:00,1,-0.04042078427174859,0.0,0.0,0.0,0.0002777777777777778,0.0,0.10579987253027406,0.0,0.0,0.0,192.168.1.0
108542107dc5be68b505d5b7f3da70ef557df6eef2a259193966f4d4e5ac34b5,2026-07-30T21:00:00,1,-0.011594329924011847,0.0,0.0,0.0,0.0002777777777777778,0.0,0.15179079022171688,0.0,1.0,0.0,192.168.1.0
108542107dc5be68b505d5b7f3da70ef557df6eef2a259193966f4d4e5ac34b5,2026-07-30T22:00:00,1,0.00629091585569079,0.0,0.0,0.0,0.0002777777777777778,0.0,0.15179079022171688,0.0,1.0,0.0,192.168.1.0
108542107dc5be68b505d5b7f3da70ef557df6eef2a259193966f4d4e5ac34b5,2026-07-30T22:00:00,1,0.00393043821917897,0.0,0.0,0.0,0.0002777777777777778,0.0,0.15179079022171688,0.0,1.0,0.0,192.168.1.0
108542107dc5be68b505d5b7f3da70ef557df6eef2a259193966f4d4e5ac34b5,2026-07-30T22:00:00,1,-0.016920649351116625,0.0,0.0,0.0,0.0002777777777777778,0.0,0.15179079022171688,0.0,1.0,0.0,192.168.1.0
912fddcbb2f0ef0bf57acb89f08db159da2c5af9d7a01fc82d17d356a3fa0d6b,2026-07-28T00:00:00,1,0.01307598817276789,0.0,0.0,0.0,0.0002777777777777778,0.0,0.06662149954832881,0.0,1.0,0.0,192.168.1.0
912fddcbb2f0ef0bf57acb89f08db159da2c5af9d7a01fc82d17d356a3fa0d6b,2026-07-28T00:00:00,1,-0.0019243391115417927,0.0,0.0,0.0,0.0002777777777777778,0.0,0.06662149954832881,0.0,1.0,0.0,192.168.1.0
912fddcbb2f0ef0bf57acb89f08db159da2c5af9d7a01fc82d17d356a3fa0d6b,2026-07-28T00:00:00,1,0.004093312231164725,0.0,0.0,0.0,0.0002777777777777778,0.0,0.06662149954832881,0.0,1.0,0.0,192.168.1.0
912fddcbb2f0ef0bf57acb89f08db159da2c5af9d7a01fc82d17d356a3fa0d6b,2026-07-28T00:00:00,1,0.00013485801067071324,0.0,0.0,0.0,0.0002777777777777778,0.0,0.06662149954832881,0.0,1.0,0.0,192.168.1.0
912fddcbb2f0ef0bf57acb89f08db159da2c5af9d7a01fc82d17d356a3fa0d6b,2026-07-29T03:00:00,1,0.030260941878036837,0.0,0.0,0.0,0.0002777777777777778,0.0,0.21640615533745305,0.0,1.0,0.0,192.168.1.0
912fddcbb2f0ef0bf57acb89f08db159da2c5af9d7a01fc82d17d356a3fa0d6b,2026-07-29T03:00:00,1,0.005118167852968053,0.0,0.0,0.0,0.0002777777777777778,0.0,0.21640615533745305,0.0,1.0,0.0,192.168.1.0
912fddcbb2f0ef0bf57acb89f08db159da2c5af9d7a01fc82d17d356a3fa0d6b,2026-07-29T03:00:00,1,-0.0011635568176435265,0.0,0.0,0.0,0.0002777777777777778,0.0,0.21640615533745305,0.0,1.0,0.0,192.168.1.0
912fddcbb2f0ef0bf57acb89f08db159da2c5af9d7a01fc82d17d356a3fa0d6b,2026-07-29T04:00:00,1,0.016578015641987808,0.0,0.0,0.0,0.0002777777777777778,0.0,0.21640615533745305,0.0,1.0,0.0,192.168.1.0
912fddcbb2f0ef0bf57acb89f08db159da2c5af9d7a01fc82d17d356a3fa0d6b,2026-07-29T09:00:00,1,-0.013172166446864031,0.0,0.0,0.0,0.0002777777777777778,0.0,0.1793139293139293,0.0,0.0,0.0,192.168.1.0
912fddcbb2f0ef0bf57acb89f08db159da2c5af9d7a01fc82d17d356a3fa0d6b,2026-07-29T09:00:00,1,-0.029242366413212678,0.0,0.0,0.0,0.0002777777777777778,0.0,0.1793139293139293,0.0,0.0,0.0,192.168.1.0
912fddcbb2f0ef0bf57acb89f08db159da2c5af9d7a01fc82d17d356a3fa0d6b,2026-07-29T09:00:00,1,-0.023916151227879552,0.0,0.0,0.0,0.0002777777777777778,0.0,0.1793139293139293,0.0,0.0,0.0,192.168.1.0
912fddcbb2f0ef0bf57acb89f08db159da2c5af9d7a01fc82d17d356a3fa0d6b,2026-07-29T09:00:00,1,0.002849820867963599,0.0,0.0,0.0,0.0002777777777777778,0.0,0.1793139293139293,0.0,0.0,0.0,192.168.1.0
912fddcbb2f0ef0bf57acb89f08db159da2c5af9d7a01fc82d17d356a3fa0d6b,2026-07-30T02:00:00,1,-0.03751385549565956,0.0,0.0,0.0,0.0002777777777777778,0.0,0.18828864353312302,0.0,1.0,0.0,192.168.1.0
912fddcbb2f0ef0bf57acb89f08db159da2c5af9d7a01fc82d17d356a3fa0d6b,2026-07-30T02:00:00,1,0.00018157224796412584,0.0,0.0,0.0,0.0002777777777777778,0.0,0.18828864353312302,0.0,1.0,0.0,192.168.1.0
912fddcbb2f0ef0bf57acb89f08db159da2c5af9d7a01fc82d17d356a3fa0d6b,2026-07-30T03:00:00,1,-0.024633334262784256,0.0,0.0,0.0,0.0002777777777777778,0.0,0.18828864353312302,0.0,1.0,0.0,192.168.1.0
912fddcbb2f0ef0bf57acb89f08db159da2c5af9d7a01fc82d17d356a3fa0d6b,2026-07-30T03:00:00,1,0.021099346101692663,0.0,0.0,0.0,0.0002777777777777778,0.0,0.18828864353312302,0.0,1.0,0.0,192.168.1.0
912fddcbb2f0ef0bf57acb89f08db159da2c5af9d7a01fc82d17d356a3fa0d6b,2026-07-30T11:00:00,1,-0.005611482837968714,0.0,0.0,0.0,0.0002777777777777778,0.0,0.5148731408573928,0.0,0.0,0.0,192.168.1.0
912fddcbb2f0ef0bf57acb89f08db159da2c5af9d7a01fc82d17d356a3fa0d6b,2026-07-30T11:00:00,1,0.00890211941804382,0.0,0.0,0.0,0.0002777777777777778,0.0,0.5148731408573928,0.0,0.0,0.0,192.168.1.0
912fddcbb2f0ef0bf57acb89f08db159da2c5af9d7a01fc82d17d356a3fa0d6b,2026-07-30T12:00:00,1,-0.004807650220792556,0.0,0.0,0.0,0.0002777777777777778,0.0,0.5148731408573928,0.0,0.0,0.0,192.168.1.0
912fddcbb2f0ef0bf57acb89f08db159da2c5af9d7a01fc82d17d356a3fa0d6b,2026-07-30T12:00:00,1,0.017438993720846445,0.0,0.0,0.0,0.0002777777777777778,0.0,0.5148731408573928,0.0,0.0,0.0,192.168.1.0
912fddcbb2f0ef0bf57acb89f08db159da2c5af9d7a01fc82d17d356a3fa0d6b,2026-07-30T14:00:00,1,0.02096449719456961,0.0,0.0,0.0,0.0002777777777777778,0.0,1.1056142301278489,0.0,0.0,0.0,192.168.1.0
912fddcbb2f0ef0bf57acb89f08db159da2c5af9d7a01fc82d17d356a3fa0d6b,2026-07-30T14:00:00,1,0.004170848430032997,0.0,0.0,0.0,0.0002777777777777778,0.0,1.1056142301278489,0.0,0.0,0.0,192.168.1.0
912fddcbb2f0ef0bf57acb89f08db159da2c5af9d7a01fc82d17d356a3fa0d6b,2026-07-30T14:00:00,1,-0.03985064921338806,0.0,0.0,0.0,0.0002777777777777778,0.0,1.1056142301278489,0.0,0.0,0.0,192.168.1.0
912fddcbb2f0ef0bf57acb89f08db159da2c5af9d7a01fc82d17d356a3fa0d6b,2026-07-30T15:00:00,1,-0.05152076241566168,0.0,0.0,0.0,0.0002777777777777778,0.0,1.1056142301278489,0.0,0.0,0.0,192.168.1.0
912fddcbb2f0ef0bf57acb89f08db159da2c5af9d7a01fc82d17d356a3fa0d6b,2026-07-30T18:00:00,1,0.01698987308799022,0.0,0.0,0.0,0.0002777777777777778,0.0,0.6590819929384072,0.0,1.0,0.0,192.168.1.0
912fddcbb2f0ef0bf57acb89f08db159da2c5af9d7a01fc82d17d356a3fa0d6b,2026-07-30T18:00:00,1,-0.006807385000190889,0.0,0.0,0.0,0.0002777777777777778,0.0,0.6590819929384072,0.0,1.0,0.0,192.168.1.0
912fddcbb2f0ef0bf57acb89f08db159da2c5af9d7a01fc82d17d356a3fa0d6b,2026-07-30T18:00:00,1,0.060083656247199406,0.0,0.0,0.0,0.0002777777777777778,0.0,0.6590819929384072,0.0,1.0,0.0,192.168.1.0
912fddcbb2f0ef0bf57acb89f08db159da2c5af9d7a01fc82d17d356a3fa0d6b,2026-07-30T19:00:00,1,0.015284685304983576,0.0,0.0,0.0,0.0002777777777777778,0.0,0.6590819929384072,0.0,1.0,0.0,192.168.1.0
28c6cffd93b218d337dd1bc68ed69ae958740b117f12121649483121bdce09fa,2026-07-28T00:00:00,1,-0.012304708545099147,0.0,0.0,0.0,0.0,0.0,0.0,0.0,1.0,0.0,
28c6cffd93b218d337dd1bc68ed69ae958740b117f12121649483121bdce09fa,2026-07-28T00:00:00,1,-0.019215849824564115,0.0,0.0,0.0,0.0,0.0,0.0,0.0,1.0,0.0,
28c6cffd93b218d337dd1bc68ed69ae958740b117f12121649483121bdce09fa,2026-07-28T00:00:00,1,0.029104478852398256,0.0,0.0,0.0,0.0,0.0,0.0,0.0,1.0,0.0,
28c6cffd93b218d337dd1bc68ed69ae958740b117f12121649483121bdce09fa,2026-07-28T01:00:00,1,0.002010628976756203,0.0,0.0,0.0,0.0,0.0,0.0,0.0,1.0,0.0,
28c6cffd93b218d337dd1bc68ed69ae958740b117f12121649483121bdce09fa,2026-07-28T09:00:00,1,0.9964378365939738,0.0,0.0,0.0,0.0,0.0,0.0,0.0,0.0,0.0,
28c6cffd93b218d337dd1bc68ed69ae958740b117f12121649483121bdce09fa,2026-07-28T09:00:00,1,1.0008199669280744,0.0,0.0,0.0,0.0,0.0,0.0,0.0,0.0,0.0,
28c6cffd93b218d337dd1bc68ed69ae958740b117f12121649483121bdce09fa,2026-07-28T09:00:00,1,0.9984903095875176,0.0,0.0,0.0,0.0,0.0,0.0,0.0,0.0,0.0,
28c6cffd93b218d337dd1bc68ed69ae958740b117f12121649483121bdce09fa,2026-07-28T09:00:00,1,1.0016989734973196,0.0,0.0,0.0,0.0,0.0,0.0,0.0,0.0,0.0,
28c6cffd93b218d337dd1bc68ed69ae958740b117f12121649483121bdce09fa,2026-07-28T11:00:00,1,-0.044551172854680736,0.0,0.0,0.0,0.0,3.321928094887362,0.0,0.0,0.0,0.0,
28c6cffd93b218d337dd1bc68ed69ae958740b117f12121649483121bdce09fa,2026-07-28T11:00:00,1,0.03317310222884483,0.0,0.0,0.0,0.0,3.321928094887362,0.0,0.0,0.0,0.0,
28c6cffd93b218d337dd1bc68ed69ae958740b117f12121649483121bdce09fa,2026-07-28T12:00:00,1,0.020032157783403094,0.0,0.0,0.0,0.0,3.321928094887362,0.0,0.0,0.0,0.0,
28c6cffd93b218d337dd1bc68ed69ae958740b117f12121649483121bdce09fa,2026-07-28T12:00:00,1,-0.028018637010812194,0.0,0.0,0.0,0.0,3.321928094887362,0.0,0.0,0.0,0.0,
28c6cffd93b218d337dd1bc68ed69ae958740b117f12121649483121bdce09fa,2026-07-28T14:00:00,1,-0.005917990214995504,0.0,0.0,0.0,0.0,0.0,0.0,0.0,0.0,0.0,
28c6cffd93b218d337dd1bc68ed69ae958740b117f12121649483121bdce09fa,2026-07-28T14:00:00,3,-0.019826363805334972,1.0,0.0,0.0,0.0,3.321928094887362,0.0,0.0,0.0,0.25,
28c6cffd93b218d337dd1bc68ed69ae958740b117f12121649483121bdce09fa,2026-07-28T15:00:00,3,0.008010167070992912,1.0,0.0,0.0,0.0,3.321928094887362,0.0,0.0,0.0,0.25,
28c6cffd93b218d337dd1bc68ed69ae958740b117f12121649483121bdce09fa,2026-07-28T15:00:00,3,0.0011798252012864662,1.0,0.0,0.0,0.0,3.321928094887362,0.0,0.0,0.0,0.25,
28c6cffd93b218d337dd1bc68ed69ae958740b117f12121649483121bdce09fa,2026-07-28T15:00:00,3,0.03047244568346129,1.0,0.0,0.0,0.0,3.321928094887362,0.0,0.0,0.0,0.25,
28c6cffd93b218d337dd1bc68ed69ae958740b117f12121649483121bdce09fa,2026-07-28T15:00:00,1,0.00040272759899833425,0.0,0.0,0.0,0.0,0.0,0.0,0.0,0.0,0.0,
28c6cffd93b218d337dd1bc68ed69ae958740b117f12121649483121bdce09fa,2026-07-28T16:00:00,1,-0.0016126394340450758,0.0,0.0,0.0,0.0,0.0,0.0,0.0,0.0,0.0,
28c6cffd93b218d337dd1bc68ed69ae958740b117f12121649483121bdce09fa,2026-07-28T16:00:00,1,-0.005403403813060234,0.0,0.0,0.0,0.0,0.0,0.0,0.0,0.0,0.0,
28c6cffd93b218d337dd1bc68ed69ae958740b117f12121649483121bdce09fa,2026-07-28T17:00:00,1,0.008741910652629605,1.0,0.0,0.0,0.0,0.0,0.0,0.0,1.0,0.0,
28c6cffd93b218d337dd1bc68ed69ae958740b117f12121649483121bdce09fa,2026-07-28T18:00:00,1,-0.027640023234924562,1.0,0.0,0.0,0.0,0.0,0.0,0.0,1.0,0.0,
28c6cffd93b218d337dd1bc68ed69ae958740b117f12121649483121bdce09fa,2026-07-28T18:00:00,1,-0.02133141353631294,1.0,0.0,0.0,0.0,0.0,0.0,0.0,1.0,0.0,
28c6cffd93b218d337dd1bc68ed69ae958740b117f12121649483121bdce09fa,2026-07-28T18:00:00,1,0.002580437356561922,1.0,0.0,0.0,0.0,0.0,0.0,0.0,1.0,0.0,
28c6cffd93b218d337dd1bc68ed69ae958740b117f12121649483121bdce09fa,2026-07-28T21:00:00,1,-0.009959759207568206,1.0,0.0,0.0,0.0,0.0,0.0,0.0,1.0,0.0,
28c6cffd93b218d337dd1bc68ed69ae958740b117f12121649483121bdce09fa,2026-07-28T21:00:00,1,0.02652726240704262,1.0,0.0,0.0,0.0,0.0,0.0,0.0,1.0,0.0,
28c6cffd93b218d337dd1bc68ed69ae958740b117f12121649483121bdce09fa,2026-07-28T21:00:00,1,-0.02993336223136288,1.0,0.0,0.0,0.0,0.0,0.0,0.0,1.0,0.0,
28c6cffd93b218d337dd1bc68ed69ae958740b117f12121649483121bdce09fa,2026-07-28T22:00:00,1,-0.028029820141957595,1.0,0.0,0.0,0.0,0.0,0.0,0.0,1.0,0.0,
28c6cffd93b218d337dd1bc68ed69ae958740b117f12121649483121bdce09fa,2026-07-29T00:00:00,1,0.007269961872042089,0.0,0.0,0.0,0.0,3.039148671903071,0.0,0.0,1.0,0.0,
28c6cffd93b218d337dd1bc68ed69ae958740b117f12121649483121bdce09fa,2026-07-29T00:00:00,1,0.0008775250549433956,0.0,0.0,0.0,0.0,3.039148671903071,0.0,0.0,1.0,0.0,
28c6cffd93b218d337dd1bc68ed69ae958740b117f12121649483121bdce09fa,2026-07-29T00:00:00,1,0.00350874137082837,0.0,0.0,0.0,0.0,3.039148671903071,0.0,0.0,1.0,0.0,
28c6cffd93b218d337dd1bc68ed69ae958740b117f12121649483121bdce09fa,2026-07-29T00:00:00,1,0.011204742506545337,0.0,0.0,0.0,0.0,3.039148671903071,0.0,0.0,1.0,0.0,
28c6cffd93b218d337dd1bc68ed69ae958740b117f12121649483121bdce09fa,2026-07-29T01:00:00,1,1.0032167986517075,0.0,0.0,0.0,0.0,0.0,0.0,0.0,1.0,0.0,
28c6cffd93b218d337dd1bc68ed69ae958740b117f12121649483121bdce09fa,2026-07-29T01:00:00,1,1.0065387076178438,0.0,0.0,0.0,0.0,0.0,0.0,0.0,1.0,0.0,
28c6cffd93b218d337dd1bc68ed69ae958740b117f12121649483121bdce09fa,2026-07-29T01:00:00,1,0.9852151223805891,0.0,0.0,0.0,0.0,0.0,0.0,0.0,1.0,0.0,
28c6cffd93b218d337dd1bc68ed69ae958740b117f12121649483121bdce09fa,2026-07-29T01:00:00,1,1.0664866616442334,0.0,0.0,0.0,0.0,0.0,0.0,0.0,1.0,0.0,
28c6cffd93b218d337dd1bc68ed69ae958740b117f12121649483121bdce09fa,2026-07-29T02:00:00,1,0.04576589752279072,1.0,0.0,0.0,0.0,0.0,0.0,0.0,1.0,0.0,
28c6cffd93b218d337dd1bc68ed69ae958740b117f12121649483121bdce09fa,2026-07-29T03:00:00,1,0.022966952259037072,1.0,0.0,0.0,0.0,0.0,0.0,0.0,1.0,0.0,
28c6cffd93b218d337dd1bc68ed69ae958740b117f12121649483121bdce09fa,2026-07-29T03:00:00,1,0.028944368806857752,1.0,0.0,0.0,0.0,0.0,0.0,0.0,1.0,0.0,
28c6cffd93b218d337dd1bc68ed69ae958740b117f12121649483121bdce09fa,2026-07-29T03:00:00,1,-0.009942270686521492,1.0,0.0,0.0,0.0,0.0,0.0,0.0,1.0,0.0,
28c6cffd93b218d337dd1bc68ed69ae958740b117f12121649483121bdce09fa,2026-07-29T05:00:00,1,0.026827875828424733,0.0,0.0,0.0,0.0,2.6464393446710157,0.0,0.0,1.0,0.0,
28c6cffd93b218d337dd1bc68ed69ae958740b117f12121649483121bdce09fa,2026-07-29T05:00:00,1,-0.025382302873091404,0.0,0.0,0.0,0.0,2.6464393446710157,0.0,0.0,1.0,0.0,
28c6cffd93b218d337dd1bc68ed69ae958740b117f12121649483121bdce09fa,2026-07-29T05:00:00,1,0.00843201248035427,0.0,0.0,0.0,0.0,2.6464393446710157,0.0,0.0,1.0,0.0,
28c6cffd93b218d337dd1bc68ed69ae958740b117f12121649483121bdce09fa,2026-07-29T06:00:00,1,-0.02298505418784044,0.0,0.0,0.0,0.0,2.6464393446710157,0.0,0.0,1.0,0.0,
28c6cffd93b218d337dd1bc68ed69ae958740b117f12121649483121bdce09fa,2026-07-29T06:00:00,1,0.003090822627939142,0.0,0.0,0.0,0.0,2.6464393446710157,0.0,0.0,1.0,0.0,
28c6cffd93b218d337dd1bc68ed69ae958740b117f12121649483121bdce09fa,2026-07-29T07:00:00,1,-0.003369434070331066,0.0,0.0,0.0,0.0,2.6464393446710157,0.0,0.0,1.0,0.0,
28c6cffd93b218d337dd1bc68ed69ae958740b117f12121649483121bdce09fa,2026-07-29T07:00:00,1,-0.006685404348319955,0.0,0.0,0.0,0.0,2.6464393446710157,0.0,0.0,1.0,0.0,
28c6cffd93b218d337dd1bc68ed69ae958740b117f12121649483121bdce09fa,2026-07-29T07:00:00,1,-0.01045635498635663,0.0,0.0,0.0,0.0,2.6464393446710157,0.0,0.0,1.0,0.0,
28c6cffd93b218d337dd1bc68ed69ae958740b117f12121649483121bdce09fa,2026-07-29T09:00:00,1,1.0863815279568343,0.0,0.0,0.0,0.0,0.0,0.0,0.0,0.0,0.0,
28c6cffd93b218d337dd1bc68ed69ae958740b117f12121649483121bdce09fa,2026-07-29T09:00:00,1,0.9933024970106432,0.0,0.0,0.0,0.0,0.0,0.0,0.0,0.0,0.0,
28c6cffd93b218d337dd1bc68ed69ae958740b117f12121649483121bdce09fa,2026-07-29T09:00:00,1,0.9779401659100928,0.0,0.0,0.0,0.0,0.0,0.0,0.0,0.0,0.0,
28c6cffd93b218d337dd1bc68ed69ae958740b117f12121649483121bdce09fa,2026-07-29T09:00:00,2,0.9634377389634282,0.0,0.0,0.0,0.0,3.321928094887362,0.0,0.0,0.0,0.0,
28c6cffd93b218d337dd1bc68ed69ae958740b117f12121649483121bdce09fa,2026-07-29T10:00:00,1,-0.020110283458395658,0.0,0.0,0.0,0.0,3.321928094887362,0.0,0.0,0.0,0.0,
28c6cffd93b218d337dd1bc68ed69ae958740b117f12121649483121bdce09fa,2026-07-29T10:00:00,1,0.0028490334715268136,0.0,0.0,0.0,0.0,3.321928094887362,0.0,0.0,0.0,0.0,
28c6cffd93b218d337dd1bc68ed69ae958740b117f12121649483121bdce09fa,2026-07-29T10:00:00,1,0.013972533949591134,0.0,0.0,0.0,0.0,3.321928094887362,0.0,0.0,0.0,0.0,
28c6cffd93b218d337dd1bc68ed69ae958740b117f12121649483121bdce09fa,2026-07-29T12:00:00,1,0.005545540288968494,1.0,0.0,0.0,0.0,0.0,0.0,0.0,0.0,0.0,
28c6cffd93b218d337dd1bc68ed69ae958740b117f12121649483121bdce09fa,2026-07-29T12:00:00,1,0.006042718256254187,1.0,0.0,0.0,0.0,0.0,0.0,0.0,0.0,0.0,
28c6cffd93b218d337dd1bc68ed69ae958740b117f12121649483121bdce09fa,2026-07-29T12:00:00,1,0.002421834980306427,1.0,0.0,0.0,0.0,0.0,0.0,0.0,0.0,0.0,
28c6cffd93b218d337dd1bc68ed69ae958740b117f12121649483121bdce09fa,2026-07-29T13:00:00,1,0.02367716090873231,1.0,0.0,0.0,0.0,0.0,0.0,0.0,0.0,0.0,
28c6cffd93b218d337dd1bc68ed69ae958740b117f12121649483121bdce09fa,2026-07-29T14:00:00,1,0.030739496025837233,0.0,0.0,0.0,0.0,2.6464393446710157,0.0,0.0,0.0,0.0,
28c6cffd93b218d337dd1bc68ed69ae958740b117f12121649483121bdce09fa,2026-07-29T15:00:00,1,0.028310028645912144,0.0,0.0,0.0,0.0,2.6464393446710157,0.0,0.0,0.0,0.0,
28c6cffd93b218d337dd1bc68ed69ae958740b117f12121649483121bdce09fa,2026-07-29T15:00:00,1,-0.007142175202805953,0.0,0.0,0.0,0.0,2.6464393446710157,0.0,0.0,0.0,0.0,
28c6cffd93b218d337dd1bc68ed69ae958740b117f12121649483121bdce09fa,2026-07-29T15:00:00,1,0.0502232060397532,0.0,0.0,0.0,0.0,2.6464393446710157,0.0,0.0,0.0,0.0,
28c6cffd93b218d337dd1bc68ed69ae958740b117f12121649483121bdce09fa,2026-07-29T16:00:00,1,-0.008686630423112745,0.0,0.0,0.0,0.0,0.0,0.0,0.0,1.0,0.0,
28c6cffd93b218d337dd1bc68ed69ae958740b117f12121649483121bdce09fa,2026-07-29T16:00:00,1,-0.044335639159479204,0.0,0.0,0.0,0.0,0.0,0.0,0.0,1.0,0.0,
28c6cffd93b218d337dd1bc68ed69ae958740b117f12121649483121bdce09fa,2026-07-29T16:00:00,1,0.04986552337787274,0.0,0.0,0.0,0.0,0.0,0.0,0.0,1.0,0.0,
28c6cffd93b218d337dd1bc68ed69ae958740b117f12121649483121bdce09fa,2026-07-29T17:00:00,1,-0.005271658665427187,0.0,0.0,0.0,0.0,0.0,0.0,0.0,1.0,0.0,
28c6cffd93b218d337dd1bc68ed69ae958740b117f12121649483121bdce09fa,2026-07-29T19:00:00,1,0.009316173268720015,0.0,0.0,0.0,0.0,2.6464393446710157,0.0,0.0,1.0,0.0,
28c6cffd93b218d337dd1bc68ed69ae958740b117f12121649483121bdce09fa,2026-07-29T19:00:00,1,-0.029747000069578994,0.0,0.0,0.0,0.0,2.6464393446710157,0.0,0.0,1.0,0.0,
28c6cffd93b218d337dd1bc68ed69ae958740b117f12121649483121bdce09fa,2026-07-29T19:00:00,2,-0.0044686717549706,1.0,0.0,0.0,0.0,2.6464393446710157,0.0,0.0,1.0,0.0,
28c6cffd93b218d337dd1bc68ed69ae958740b117f12121649483121bdce09fa,2026-07-29T19:00:00,2,-0.024432625266209707,1.0,0.0,0.0,0.0,2.6464393446710157,0.0,0.0,1.0,0.0,
28c6cffd93b218d337dd1bc68ed69ae958740b117f12121649483121bdce09fa,2026-07-29T20:00:00,1,-0.06941485156371754,1.0,0.0,0.0,0.0,0.0,0.0,0.0,1.0,0.0,
28c6cffd93b218d337dd1bc68ed69ae958740b117f12121649483121bdce09fa,2026-07-29T20:00:00,1,-0.003218235761631966,1.0,0.0,0.0,0.0,0.0,0.0,0.0,1.0,0.0,
28c6cffd93b218d337dd1bc68ed69ae958740b117f12121649483121bdce09fa,2026-07-29T22:00:00,1,-0.0038635505100667335,0.0,0.0,0.0,0.0,3.337175341123077,0.0,0.0,1.0,0.0,
28c6cffd93b218d337dd1bc68ed69ae958740b117f12121649483121bdce09fa,2026-07-29T22:00:00,2,-0.012683993796274128,0.0,0.0,0.0,0.0,3.188162006513074,0.0,0.0,1.0,0.0,
28c6cffd93b218d337dd1bc68ed69ae958740b117f12121649483121bdce09fa,2026-07-29T22:00:00,2,-0.05890057135642296,0.0,0.0,0.0,0.0,3.188162006513074,0.0,0.0,1.0,0.0,
28c6cffd93b218d337dd1bc68ed69ae958740b117f12121649483121bdce09fa,2026-07-29T23:00:00,2,0.006133086035499946,0.0,0.0,0.0,0.0,3.188162006513074,0.0,0.0,1.0,0.0,
28c6cffd93b218d337dd1bc68ed69ae958740b117f12121649483121bdce09fa,2026-07-29T23:00:00,1,-0.029495471486141792,0.0,0.0,0.0,0.0,3.039148671903071,0.0,0.0,1.0,0.0,
28c6cffd93b218d337dd1bc68ed69ae958740b117f12121649483121bdce09fa,2026-07-29T23:00:00,1,1.0097162155235293,0.0,0.0,0.0,0.0,0.0,0.0,0.0,1.0,0.0,
28c6cffd93b218d337dd1bc68ed69ae958740b117f12121649483121bdce09fa,2026-07-30T00:00:00,1,0.9989397272600445,0.0,0.0,0.0,0.0,0.0,0.0,0.0,1.0,0.0,
28c6cffd93b218d337dd1bc68ed69ae958740b117f12121649483121bdce09fa,2026-07-30T00:00:00,1,0.9821111509172084,0.0,0.0,0.0,0.0,0.0,0.0,0.0,1.0,0.0,
28c6cffd93b218d337dd1bc68ed69ae958740b117f12121649483121bdce09fa,2026-07-30T00:00:00,1,1.0155970917160155,0.0,0.0,0.0,0.0,0.0,0.0,0.0,1.0,0.0,
28c6cffd93b218d337dd1bc68ed69ae958740b117f12121649483121bdce09fa,2026-07-30T01:00:00,1,1.0069332703923433,0.0,0.0,0.0,0.0,0.0,0.0,0.0,1.0,0.0,
28c6cffd93b218d337dd1bc68ed69ae958740b117f12121649483121bdce09fa,2026-07-30T01:00:00,2,1.0061820732724076,0.0,0.0,0.0,0.0,3.321928094887362,0.0,0.0,1.0,0.0,
28c6cffd93b218d337dd1bc68ed69ae958740b117f12121649483121bdce09fa,2026-07-30T01:00:00,2,1.0458771293457894,0.0,0.0,0.0,0.0,3.321928094887362,0.0,0.0,1.0,0.0,
28c6cffd93b218d337dd1bc68ed69ae958740b117f12121649483121bdce09fa,2026-07-30T01:00:00,2,1.0099760253514622,0.0,0.0,0.0,0.0,3.321928094887362,0.0,0.0,1.0,0.0,
28c6cffd93b218d337dd1bc68ed69ae958740b117f12121649483121bdce09fa,2026-07-30T02:00:00,1,-0.01370709941999063,0.0,0.0,0.0,0.0,3.321928094887362,0.0,0.0,1.0,0.0,
28c6cffd93b218d337dd1bc68ed69ae958740b117f12121649483121bdce09fa,2026-07-30T02:00:00,1,-0.009673815253281554,1.0,0.0,0.0,0.0,0.0,0.0,0.0,1.0,0.0,
28c6cffd93b218d337dd1bc68ed69ae958740b117f12121649483121bdce09fa,2026-07-30T02:00:00,1,0.02696184952539257,1.0,0.0,0.0,0.0,0.0,0.0,0.0,1.0,0.0,
28c6cffd93b218d337dd1bc68ed69ae958740b117f12121649483121bdce09fa,2026-07-30T02:00:00,1,0.004654685951069819,1.0,0.0,0.0,0.0,0.0,0.0,0.0,1.0,0.0,
28c6cffd93b218d337dd1bc68ed69ae958740b117f12121649483121bdce09fa,2026-07-30T03:00:00,1,-0.006419164602925953,1.0,0.0,0.0,0.0,0.0,0.0,0.0,1.0,0.0,
28c6cffd93b218d337dd1bc68ed69ae958740b117f12121649483121bdce09fa,2026-07-30T03:00:00,1,0.008173537577670802,0.0,0.0,0.0,0.0,0.0,0.0,0.0,1.0,0.0,
28c6cffd93b218d337dd1bc68ed69ae958740b117f12121649483121bdce09fa,2026-07-30T04:00:00,2,0.011612108443931535,0.0,0.0,0.0,0.0,0.0,0.0,1.0,1.0,0.0,
28c6cffd93b218d337dd1bc68ed69ae958740b117f12121649483121bdce09fa,2026-07-30T04:00:00,2,-0.06960249620005649,0.0,0.0,0.0,0.0,0.0,0.0,1.0,1.0,0.0,
28c6cffd93b218d337dd1bc68ed69ae958740b117f12121649483121bdce09fa,2026-07-30T04:00:00,2,-0.013373458053753971,0.0,0.0,0.0,0.0,0.0,0.0,1.0,1.0,0.0,
28c6cffd93b218d337dd1bc68ed69ae958740b117f12121649483121bdce09fa,2026-07-30T04:00:00,1,0.009763634597287163,0.0,0.0,0.0,0.0,0.0,0.0,1.0,1.0,0.0,
28c6cffd93b218d337dd1bc68ed69ae958740b117f12121649483121bdce09fa,2026-07-30T08:00:00,1,-0.047323114761320194,1.0,0.0,0.0,0.0,0.0,0.0,0.0,0.0,0.0,
28c6cffd93b218d337dd1bc68ed69ae958740b117f12121649483121bdce09fa,2026-07-30T09:00:00,1,0.04951016724859307,1.0,0.0,0.0,0.0,0.0,0.0,0.0,0.0,0.0,
28c6cffd93b218d337dd1bc68ed69ae958740b117f12121649483121bdce09fa,2026-07-30T09:00:00,1,-0.009785269761772785,1.0,0.0,0.0,0.0,0.0,0.0,0.0,0.0,0.0,
28c6cffd93b218d337dd1bc68ed69ae958740b117f12121649483121bdce09fa,2026-07-30T09:00:00,1,0.005769897075320707,1.0,0.0,0.0,0.0,0.0,0.0,0.0,0.0,0.0,
28c6cffd93b218d337dd1bc68ed69ae958740b117f12121649483121bdce09fa,2026-07-30T14:00:00,1,0.9995105263497349,0.0,0.0,0.0,0.0,0.0,0.0,0.0,0.0,0.0,
28c6cffd93b218d337dd1bc68ed69ae958740b117f12121649483121bdce09fa,2026-07-30T14:00:00,1,1.0027320333483025,0.0,0.0,0.0,0.0,0.0,0.0,0.0,0.0,0.0,
28c6cffd93b218d337dd1bc68ed69ae958740b117f12121649483121bdce09fa,2026-07-30T14:00:00,1,1.0032177334120367,0.0,0.0,0.0,0.0,0.0,0.0,0.0,0.0,0.0,
28c6cffd93b218d337dd1bc68ed69ae958740b117f12121649483121bdce09fa,2026-07-30T14:00:00,1,1.036598806712204,0.0,0.0,0.0,0.0,0.0,0.0,0.0,0.0,0.0,
28c6cffd93b218d337dd1bc68ed69ae958740b117f12121649483121bdce09fa,2026-07-30T18:00:00,1,-8.614896096291685e-05,0.0,0.0,0.0,0.0,0.0,0.0,1.0,1.0,0.0,
28c6cffd93b218d337dd1bc68ed69ae958740b117f12121649483121bdce09fa,2026-07-30T18:00:00,1,-0.022564445436221107,0.0,0.0,0.0,0.0,0.0,0.0,1.0,1.0,0.0,
28c6cffd93b218d337dd1bc68ed69ae958740b117f12121649483121bdce09fa,2026-07-30T18:00:00,1,0.012262343548055797,0.0,0.0,0.0,0.0,0.0,0.0,1.0,1.0,0.0,
28c6cffd93b218d337dd1bc68ed69ae958740b117f12121649483121bdce09fa,2026-07-30T18:00:00,1,0.029385098536893133,0.0,0.0,0.0,0.0,0.0,0.0,1.0,1.0,0.0,
28c6cffd93b218d337dd1bc68ed69ae958740b117f12121649483121bdce09fa,2026-07-30T19:00:00,1,0.02266165690211944,1.0,0.0,0.0,0.0,0.0,0.0,0.0,1.0,0.0,
28c6cffd93b218d337dd1bc68ed69ae958740b117f12121649483121bdce09fa,2026-07-30T19:00:00,2,0.024697573945265776,2.0,33424.76559493546,0.0,0.0,0.0,0.0,0.0,1.0,0.0,
28c6cffd93b218d337dd1bc68ed69ae958740b117f12121649483121bdce09fa,2026-07-30T20:00:00,2,-0.036560606805630044,2.0,33424.76559493546,0.0,0.0,0.0,0.0,0.0,1.0,0.0,
28c6cffd93b218d337dd1bc68ed69ae958740b117f12121649483121bdce09fa,2026-07-30T20:00:00,2,-0.0008183686088998907,2.0,33424.76559493546,0.0,0.0,0.0,0.0,0.0,1.0,0.0,
28c6cffd93b218d337dd1bc68ed69ae958740b117f12121649483121bdce09fa,2026-07-30T20:00:00,1,0.0005749501804340975,1.0,0.0,0.0,0.0,0.0,0.0,0.0,1.0,0.0,
a4ef79c2942a61250623e353b7067ebe51a7c3ba8e0505904b912451b87e7868,2026-07-28T00:00:00,1,0.012745763919414111,0.0,0.0,0.0,0.0,3.039148671903071,0.0,0.0,1.0,0.0,
a4ef79c2942a61250623e353b7067ebe51a7c3ba8e0505904b912451b87e7868,2026-07-28T00:00:00,2,-0.01703968073424351,0.0,0.0,0.0,0.0,3.039148671903071,0.0,0.0,1.0,0.0,
a4ef79c2942a61250623e353b7067ebe51a7c3ba8e0505904b912451b87e7868,2026-07-28T01:00:00,2,-0.011859473229080358,0.0,0.0,0.0,0.0,3.039148671903071,0.0,0.0,1.0,0.0,
a4ef79c2942a61250623e353b7067ebe51a7c3ba8e0505904b912451b87e7868,2026-07-28T01:00:00,2,0.0013921308374816618,0.0,0.0,0.0,0.0,3.039148671903071,0.0,0.0,1.0,0.0,
a4ef79c2942a61250623e353b7067ebe51a7c3ba8e0505904b912451b87e7868,2026-07-28T01:00:00,2,0.013940945394061629,0.0,0.0,0.0,0.0,4.558629606048633,0.0,0.0,1.0,0.0,
a4ef79c2942a61250623e353b7067ebe51a7c3ba8e0505904b912451b87e7868,2026-07-28T01:00:00,1,-0.026939266609386673,0.0,0.0,0.0,0.0,4.558629606048633,0.0,0.0,1.0,0.0,
a4ef79c2942a61250623e353b7067ebe51a7c3ba8e0505904b912451b87e7868,2026-07-28T02:00:00,1,0.0011085562242672134,0.0,0.0,0.0,0.0,4.558629606048633,0.0,0.0,1.0,0.0,
a4ef79c2942a61250623e353b7067ebe51a7c3ba8e0505904b912451b87e7868,2026-07-28T02:00:00,1,-0.010494963848688815,0.0,0.0,0.0,0.0,4.558629606048633,0.0,0.0,1.0,0.0,
a4ef79c2942a61250623e353b7067ebe51a7c3ba8e0505904b912451b87e7868,2026-07-28T02:00:00,1,0.0491004117577532,1.0,0.0,0.0,0.0,0.0,0.0,0.0,1.0,0.0,
a4ef79c2942a61250623e353b7067ebe51a7c3ba8e0505904b912451b87e7868,2026-07-28T02:00:00,1,-0.0039130119508849785,1.0,0.0,0.0,0.0,0.0,0.0,0.0,1.0,0.0,
a4ef79c2942a61250623e353b7067ebe51a7c3ba8e0505904b912451b87e7868,2026-07-28T03:00:00,1,0.005058226741941384,1.0,0.0,0.0,0.0,0.0,0.0,0.0,1.0,0.0,
a4ef79c2942a61250623e353b7067ebe51a7c3ba8e0505904b912451b87e7868,2026-07-28T03:00:00,1,0.010565251475293289,1.0,0.0,0.0,0.0,0.0,0.0,0.0,1.0,0.0,
a4ef79c2942a61250623e353b7067ebe51a7c3ba8e0505904b912451b87e7868,2026-07-28T05:00:00,1,0.032285191210664935,0.0,0.0,0.0,0.0,0.0,0.0,0.0,1.0,0.0,
a4ef79c2942a61250623e353b7067ebe51a7c3ba8e0505904b912451b87e7868,2026-07-28T05:00:00,1,-0.02933639463292911,0.0,0.0,0.0,0.0,0.0,0.0,0.0,1.0,0.0,
a4ef79c2942a61250623e353b7067ebe51a7c3ba8e0505904b912451b87e7868,2026-07-28T05:00:00,1,0.045952037977598933,0.0,0.0,0.0,0.0,0.0,0.0,0.0,1.0,0.0,
a4ef79c2942a61250623e353b7067ebe51a7c3ba8e0505904b912451b87e7868,2026-07-28T06:00:00,1,-0.0352472793990852,0.0,0.0,0.0,0.0,0.0,0.0,0.0,1.0,0.0,
a4ef79c2942a61250623e353b7067ebe51a7c3ba8e0505904b912451b87e7868,2026-07-28T07:00:00,1,-0.014567011029764853,1.0,0.0,0.0,0.0,0.0,0.0,0.0,1.0,0.0,
a4ef79c2942a61250623e353b7067ebe51a7c3ba8e0505904b912451b87e7868,2026-07-28T07:00:00,1,-0.030780522680098465,1.0,0.0,0.0,0.0,0.0,0.0,0.0,1.0,0.0,
a4ef79c2942a61250623e353b7067ebe51a7c3ba8e0505904b912451b87e7868,2026-07-28T07:00:00,1,-0.011576670933414855,1.0,0.0,0.0,0.0,0.0,0.0,0.0,1.0,0.0,
a4ef79c2942a61250623e353b7067ebe51a7c3ba8e0505904b912451b87e7868,2026-07-28T07:00:00,1,-0.004632622655426936,1.0,0.0,0.0,0.0,0.0,0.0,0.0,1.0,0.0,
a4ef79c2942a61250623e353b7067ebe51a7c3ba8e0505904b912451b87e7868,2026-07-28T12:00:00,1,0.02516438753828429,0.0,0.0,0.0,0.0,2.6464393446710157,0.0,0.0,0.0,0.0,
a4ef79c2942a61250623e353b7067ebe51a7c3ba8e0505904b912451b87e7868,2026-07-28T12:00:00,1,0.009558052366995386,0.0,0.0,0.0,0.0,2.6464393446710157,0.0,0.0,0.0,0.0,
a4ef79c2942a61250623e353b7067ebe51a7c3ba8e0505904b912451b87e7868,2026-07-28T13:00:00,1,-0.00896970318383538,0.0,0.0,0.0,0.0,2.6464393446710157,0.0,0.0,0.0,0.0,
a4ef79c2942a61250623e353b7067ebe51a7c3ba8e0505904b912451b87e7868,2026-07-28T13:00:00,2,-0.0028785229888413384,0.0,0.0,0.0,0.0,2.6464393446710157,0.0,0.0,0.0,0.0,
a4ef79c2942a61250623e353b7067ebe51a7c3ba8e0505904b912451b87e7868,2026-07-28T13:00:00,1,-0.007081043094855104,0.0,0.0,0.0,0.0,0.0,0.0,0.0,0.0,0.0,
a4ef79c2942a61250623e353b7067ebe51a7c3ba8e0505904b912451b87e7868,2026-07-28T13:00:00,1,0.021769806969328433,0.0,0.0,0.0,0.0,0.0,0.0,0.0,0.0,0.0,
a4ef79c2942a61250623e353b7067ebe51a7c3ba8e0505904b912451b87e7868,2026-07-28T14:00:00,1,0.02637333157294528,0.0,0.0,0.0,0.0,0.0,0.0,0.0,0.0,0.0,
a4ef79c2942a61250623e353b7067ebe51a7c3ba8e0505904b912451b87e7868,2026-07-28T15:00:00,1,-0.004086658841132215,1.0,0.0,0.0,0.0,0.0,0.0,0.0,0.0,0.0,
a4ef79c2942a61250623e353b7067ebe51a7c3ba8e0505904b912451b87e7868,2026-07-28T15:00:00,2,0.021317107391281946,1.0,0.0,0.0,0.0,0.0,0.0,0.0,0.0,0.0,
a4ef79c2942a61250623e353b7067ebe51a7c3ba8e0505904b912451b87e7868,2026-07-28T15:00:00,2,-0.02547461844170987,1.0,0.0,0.0,0.0,0.0,0.0,0.0,0.0,0.0,
a4ef79c2942a61250623e353b7067ebe51a7c3ba8e0505904b912451b87e7868,2026-07-28T15:00:00,2,-0.0038217050370708346,1.0,0.0,0.0,0.0,0.0,0.0,0.0,0.0,0.0,
a4ef79c2942a61250623e353b7067ebe51a7c3ba8e0505904b912451b87e7868,2026-07-28T16:00:00,1,0.00695847233965785,0.0,0.0,0.0,0.0,0.0,0.0,0.0,0.0,0.0,
a4ef79c2942a61250623e353b7067ebe51a7c3ba8e0505904b912451b87e7868,2026-07-28T16:00:00,1,-0.012356338844319765,1.0,0.0,0.0,0.0,0.0,0.0,0.0,1.0,0.0,
a4ef79c2942a61250623e353b7067ebe51a7c3ba8e0505904b912451b87e7868,2026-07-28T17:00:00,1,0.014506652440083829,1.0,0.0,0.0,0.0,0.0,0.0,0.0,1.0,0.0,
a4ef79c2942a61250623e353b7067ebe51a7c3ba8e0505904b912451b87e7868,2026-07-28T17:00:00,1,0.012721134140443454,1.0,0.0,0.0,0.0,0.0,0.0,0.0,1.0,0.0,
a4ef79c2942a61250623e353b7067ebe51a7c3ba8e0505904b912451b87e7868,2026-07-28T17:00:00,2,0.528049025775024,1.0,68.78636349740722,0.0,0.0,0.0,0.0,0.0,1.0,0.0,
a4ef79c2942a61250623e353b7067ebe51a7c3ba8e0505904b912451b87e7868,2026-07-28T17:00:00,1,0.9988204763588238,0.0,0.0,0.0,0.0,0.0,0.0,0.0,1.0,0.0,
a4ef79c2942a61250623e353b7067ebe51a7c3ba8e0505904b912451b87e7868,2026-07-28T18:00:00,1,0.9599897358902266,0.0,0.0,0.0,0.0,0.0,0.0,0.0,1.0,0.0,
a4ef79c2942a61250623e353b7067ebe51a7c3ba8e0505904b912451b87e7868,2026-07-28T18:00:00,1,0.9649403543120426,0.0,0.0,0.0,0.0,0.0,0.0,0.0,1.0,0.0,
a4ef79c2942a61250623e353b7067ebe51a7c3ba8e0505904b912451b87e7868,2026-07-28T20:00:00,1,0.029563420645046502,0.0,0.0,0.0,0.0,0.0,0.0,0.0,1.0,0.0,
a4ef79c2942a61250623e353b7067ebe51a7c3ba8e0505904b912451b87e7868,2026-07-28T20:00:00,1,-0.014720196749713792,0.0,0.0,0.0,0.0,0.0,0.0,0.0,1.0,0.0,
a4ef79c2942a61250623e353b7067ebe51a7c3ba8e0505904b912451b87e7868,2026-07-28T21:00:00,1,-0.012487970753519435,0.0,0.0,0.0,0.0,0.0,0.0,0.0,1.0,0.0,
a4ef79c2942a61250623e353b7067ebe51a7c3ba8e0505904b912451b87e7868,2026-07-28T21:00:00,1,0.004923818024686812,0.0,0.0,0.0,0.0,0.0,0.0,0.0,1.0,0.0,
a4ef79c2942a61250623e353b7067ebe51a7c3ba8e0505904b912451b87e7868,2026-07-29T00:00:00,1,-0.01606893126178785,1.0,0.0,0.0,0.0,0.0,0.0,0.0,1.0,0.0,
a4ef79c2942a61250623e353b7067ebe51a7c3ba8e0505904b912451b87e7868,2026-07-29T00:00:00,1,-0.002567802076191708,1.0,0.0,0.0,0.0,0.0,0.0,0.0,1.0,0.0,
a4ef79c2942a61250623e353b7067ebe51a7c3ba8e0505904b912451b87e7868,2026-07-29T00:00:00,1,0.002530451882091183,1.0,0.0,0.0,0.0,0.0,0.0,0.0,1.0,0.0,
a4ef79c2942a61250623e353b7067ebe51a7c3ba8e0505904b912451b87e7868,2026-07-29T00:00:00,1,-0.0002438086679375362,1.0,0.0,0.0,0.0,0.0,0.0,0.0,1.0,0.0,
a4ef79c2942a61250623e353b7067ebe51a7c3ba8e0505904b912451b87e7868,2026-07-29T05:00:00,1,-0.006283802339992798,0.0,0.0,0.0,0.0,0.0,0.0,0.0,1.0,0.0,
a4ef79c2942a61250623e353b7067ebe51a7c3ba8e0505904b912451b87e7868,2026-07-29T05:00:00,1,-0.003975643403964735,0.0,0.0,0.0,0.0,0.0,0.0,0.0,1.0,0.0,
a4ef79c2942a61250623e353b7067ebe51a7c3ba8e0505904b912451b87e7868,2026-07-29T05:00:00,1,0.0009343669899471909,0.0,0.0,0.0,0.0,0.0,0.0,0.0,1.0,0.0,
a4ef79c2942a61250623e353b7067ebe51a7c3ba8e0505904b912451b87e7868,2026-07-29T06:00:00,1,-0.10868797962623855,0.0,0.0,0.0,0.0,0.0,0.0,0.0,1.0,0.0,
a4ef79c2942a61250623e353b7067ebe51a7c3ba8e0505904b912451b87e7868,2026-07-29T08:00:00,1,0.0033761574700369537,0.0,0.0,0.0,0.0,0.0,0.0,0.0,0.0,0.0,
a4ef79c2942a61250623e353b7067ebe51a7c3ba8e0505904b912451b87e7868,2026-07-29T08:00:00,1,0.005778485909783249,0.0,0.0,0.0,0.0,0.0,0.0,0.0,0.0,0.0,
a4ef79c2942a61250623e353b7067ebe51a7c3ba8e0505904b912451b87e7868,2026-07-29T09:00:00,1,-0.008448107453999723,0.0,0.0,0.0,0.0,0.0,0.0,0.0,0.0,0.0,
a4ef79c2942a61250623e353b7067ebe51a7c3ba8e0505904b912451b87e7868,2026-07-29T09:00:00,2,0.021279792370510676,0.0,0.0,0.0,0.0,4.480717932792568,0.0,0.0,0.0,0.0,
a4ef79c2942a61250623e353b7067ebe51a7c3ba8e0505904b912451b87e7868,2026-07-29T09:00:00,1,0.021903085209894778,0.0,0.0,0.0,0.0,4.480717932792568,0.0,0.0,0.0,0.0,
a4ef79c2942a61250623e353b7067ebe51a7c3ba8e0505904b912451b87e7868,2026-07-29T09:00:00,1,-0.0251452032399656,0.0,0.0,0.0,0.0,4.480717932792568,0.0,0.0,0.0,0.0,
a4ef79c2942a61250623e353b7067ebe51a7c3ba8e0505904b912451b87e7868,2026-07-29T10:00:00,1,0.016831762436938996,0.0,0.0,0.0,0.0,4.480717932792568,0.0,0.0,0.0,0.0,
a4ef79c2942a61250623e353b7067ebe51a7c3ba8e0505904b912451b87e7868,2026-07-29T11:00:00,1,-0.00809333055242706,0.0,0.0,0.0,0.0,0.0,0.0,1.0,0.0,0.0,
a4ef79c2942a61250623e353b7067ebe51a7c3ba8e0505904b912451b87e7868,2026-07-29T11:00:00,1,0.008791946931627239,0.0,0.0,0.0,0.0,0.0,0.0,1.0,0.0,0.0,
a4ef79c2942a61250623e353b7067ebe51a7c3ba8e0505904b912451b87e7868,2026-07-29T11:00:00,1,0.020113148003230216,0.0,0.0,0.0,0.0,0.0,0.0,1.0,0.0,0.0,
a4ef79c2942a61250623e353b7067ebe51a7c3ba8e0505904b912451b87e7868,2026-07-29T12:00:00,1,0.04683146123565249,0.0,0.0,0.0,0.0,0.0,0.0,1.0,0.0,0.0,
a4ef79c2942a61250623e353b7067ebe51a7c3ba8e0505904b912451b87e7868,2026-07-29T12:00:00,1,0.0026769013418770455,0.0,0.0,0.0,0.0,3.039148671903071,0.0,0.0,0.0,0.0,
a4ef79c2942a61250623e353b7067ebe51a7c3ba8e0505904b912451b87e7868,2026-07-29T13:00:00,1,0.023197284767287808,0.0,0.0,0.0,0.0,3.039148671903071,0.0,0.0,0.0,0.0,
a4ef79c2942a61250623e353b7067ebe51a7c3ba8e0505904b912451b87e7868,2026-07-29T13:00:00,1,-0.0036280282605204855,0.0,0.0,0.0,0.0,3.039148671903071,0.0,0.0,0.0,0.0,
a4ef79c2942a61250623e353b7067ebe51a7c3ba8e0505904b912451b87e7868,2026-07-29T13:00:00,1,0.022333771836311935,0.0,0.0,0.0,0.0,3.039148671903071,0.0,0.0,0.0,0.0,
a4ef79c2942a61250623e353b7067ebe51a7c3ba8e0505904b912451b87e7868,2026-07-29T18:00:00,1,0.029991649039265905,0.0,0.0,0.0,0.0,3.337175341123077,0.0,0.0,1.0,0.0,
a4ef79c2942a61250623e353b7067ebe51a7c3ba8e0505904b912451b87e7868,2026-07-29T19:00:00,1,-0.006414686805212729,0.0,0.0,0.0,0.0,3.337175341123077,0.0,0.0,1.0,0.0,
a4ef79c2942a61250623e353b7067ebe51a7c3ba8e0505904b912451b87e7868,2026-07-29T19:00:00,1,-0.0001423776444104258,0.0,0.0,0.0,0.0,3.337175341123077,0.0,0.0,1.0,0.0,
a4ef79c2942a61250623e353b7067ebe51a7c3ba8e0505904b912451b87e7868,2026-07-29T19:00:00,2,-0.005972625235392659,0.0,0.0,0.0,0.0,3.337175341123077,0.0,0.0,1.0,0.0,
a4ef79c2942a61250623e353b7067ebe51a7c3ba8e0505904b912451b87e7868,2026-07-29T19:00:00,1,0.04606733326019688,0.0,0.0,0.0,0.0,0.0,0.0,0.0,1.0,0.0,
a4ef79c2942a61250623e353b7067ebe51a7c3ba8e0505904b912451b87e7868,2026-07-29T20:00:00,2,-0.014363717357250018,1.0,0.0,0.0,0.0,0.0,0.0,0.0,1.0,0.0,
a4ef79c2942a61250623e353b7067ebe51a7c3ba8e0505904b912451b87e7868,2026-07-29T20:00:00,2,0.01595852992714868,1.0,0.0,0.0,0.0,0.0,0.0,0.0,1.0,0.0,
a4ef79c2942a61250623e353b7067ebe51a7c3ba8e0505904b912451b87e7868,2026-07-29T20:00:00,1,0.0017941567036705442,1.0,0.0,0.0,0.0,0.0,0.0,0.0,1.0,0.0,
a4ef79c2942a61250623e353b7067ebe51a7c3ba8e0505904b912451b87e7868,2026-07-29T20:00:00,1,0.019775693883339284,1.0,0.0,0.0,0.0,0.0,0.0,0.0,1.0,0.0,
a4ef79c2942a61250623e353b7067ebe51a7c3ba8e0505904b912451b87e7868,2026-07-29T21:00:00,2,-0.011070661083404449,0.0,0.0,0.0,0.0,0.0,0.0,0.0,1.0,0.0,
a4ef79c2942a61250623e353b7067ebe51a7c3ba8e0505904b912451b87e7868,2026-07-29T21:00:00,2,0.05584701256649466,0.0,0.0,0.0,0.0,0.0,0.0,0.0,1.0,0.0,
a4ef79c2942a61250623e353b7067ebe51a7c3ba8e0505904b912451b87e7868,2026-07-29T22:00:00,3,0.028345434332373617,1.0,0.0,0.0,0.0,0.0,0.0,0.0,1.0,0.25,
a4ef79c2942a61250623e353b7067ebe51a7c3ba8e0505904b912451b87e7868,2026-07-29T22:00:00,3,-0.005432762237157627,1.0,0.0,0.0,0.0,0.0,0.0,0.0,1.0,0.25,
a4ef79c2942a61250623e353b7067ebe51a7c3ba8e0505904b912451b87e7868,2026-07-29T22:00:00,1,0.004035385486246013,1.0,0.0,0.0,0.0,0.0,0.0,0.0,1.0,0.0,
a4ef79c2942a61250623e353b7067ebe51a7c3ba8e0505904b912451b87e7868,2026-07-29T22:00:00,1,-0.01904232598857408,1.0,0.0,0.0,0.0,0.0,0.0,0.0,1.0,0.0,
a4ef79c2942a61250623e353b7067ebe51a7c3ba8e0505904b912451b87e7868,2026-07-29T23:00:00,1,-0.08497884515579825,0.0,0.0,0.0,0.0,3.337175341123077,0.0,0.0,1.0,0.0,
a4ef79c2942a61250623e353b7067ebe51a7c3ba8e0505904b912451b87e7868,2026-07-29T23:00:00,1,-0.00976099053078292,0.0,0.0,0.0,0.0,3.337175341123077,0.0,0.0,1.0,0.0,
a4ef79c2942a61250623e353b7067ebe51a7c3ba8e0505904b912451b87e7868,2026-07-30T00:00:00,1,-0.017590024442428565,0.0,0.0,0.0,0.0,3.337175341123077,0.0,0.0,1.0,0.0,
a4ef79c2942a61250623e353b7067ebe51a7c3ba8e0505904b912451b87e7868,2026-07-30T00:00:00,2,0.01669449218797333,0.0,0.0,0.0,0.0,3.337175341123077,0.0,0.0,1.0,0.0,
a4ef79c2942a61250623e353b7067ebe51a7c3ba8e0505904b912451b87e7868,2026-07-30T00:00:00,1,-0.02465576194399921,0.0,0.0,0.0,0.0,0.0,0.0,0.0,1.0,0.0,
a4ef79c2942a61250623e353b7067ebe51a7c3ba8e0505904b912451b87e7868,2026-07-30T00:00:00,2,-0.016665162593140676,0.0,0.0,0.0,0.0,0.0,0.0,0.0,1.0,0.0,
a4ef79c2942a61250623e353b7067ebe51a7c3ba8e0505904b912451b87e7868,2026-07-30T01:00:00,2,-0.025788517471018048,0.0,0.0,0.0,0.0,0.0,0.0,0.0,1.0,0.0,
a4ef79c2942a61250623e353b7067ebe51a7c3ba8e0505904b912451b87e7868,2026-07-30T01:00:00,1,-0.00048284165298202085,0.0,0.0,0.0,0.0,0.0,0.0,0.0,1.0,0.0,
a4ef79c2942a61250623e353b7067ebe51a7c3ba8e0505904b912451b87e7868,2026-07-30T01:00:00,1,-0.0028061452113653878,0.0,0.0,0.0,0.0,0.0,0.0,0.0,1.0,0.0,
a4ef79c2942a61250623e353b7067ebe51a7c3ba8e0505904b912451b87e7868,2026-07-30T02:00:00,1,0.011078977933024502,1.0,0.0,0.0,0.0,0.0,0.0,0.0,1.0,0.0,
a4ef79c2942a61250623e353b7067ebe51a7c3ba8e0505904b912451b87e7868,2026-07-30T02:00:00,1,-0.012008534205988398,1.0,0.0,0.0,0.0,0.0,0.0,0.0,1.0,0.0,
a4ef79c2942a61250623e353b7067ebe51a7c3ba8e0505904b912451b87e7868,2026-07-30T02:00:00,1,0.01226769561793804,1.0,0.0,0.0,0.0,0.0,0.0,0.0,1.0,0.0,
a4ef79c2942a61250623e353b7067ebe51a7c3ba8e0505904b912451b87e7868,2026-07-30T02:00:00,1,-0.0077517736539028164,1.0,0.0,0.0,0.0,0.0,0.0,0.0,1.0,0.0,
a4ef79c2942a61250623e353b7067ebe51a7c3ba8e0505904b912451b87e7868,2026-07-30T03:00:00,1,0.007747433643210754,0.0,0.0,0.0,0.0,0.0,0.0,0.0,1.0,0.0,
a4ef79c2942a61250623e353b7067ebe51a7c3ba8e0505904b912451b87e7868,2026-07-30T03:00:00,1,0.0535966309216326,0.0,0.0,0.0,0.0,0.0,0.0,0.0,1.0,0.0,
a4ef79c2942a61250623e353b7067ebe51a7c3ba8e0505904b912451b87e7868,2026-07-30T04:00:00,1,0.04364455191973447,0.0,0.0,0.0,0.0,0.0,0.0,0.0,1.0,0.0,
a4ef79c2942a61250623e353b7067ebe51a7c3ba8e0505904b912451b87e7868,2026-07-30T04:00:00,1,-0.04674702230229598,0.0,0.0,0.0,0.0,0.0,0.0,0.0,1.0,0.0,
a4ef79c2942a61250623e353b7067ebe51a7c3ba8e0505904b912451b87e7868,2026-07-30T06:00:00,1,-0.002880600312519624,1.0,0.0,0.0,0.0,0.0,0.0,0.0,1.0,0.0,
a4ef79c2942a61250623e353b7067ebe51a7c3ba8e0505904b912451b87e7868,2026-07-30T06:00:00,1,-0.017955891581588185,1.0,0.0,0.0,0.0,0.0,0.0,0.0,1.0,0.0,
a4ef79c2942a61250623e353b7067ebe51a7c3ba8e0505904b912451b87e7868,2026-07-30T07:00:00,1,-0.016861938993906544,1.0,0.0,0.0,0.0,0.0,0.0,0.0,1.0,0.0,
a4ef79c2942a61250623e353b7067ebe51a7c3ba8e0505904b912451b87e7868,2026-07-30T07:00:00,1,0.008570479475971391,1.0,0.0,0.0,0.0,0.0,0.0,0.0,1.0,0.0,
a4ef79c2942a61250623e353b7067ebe51a7c3ba8e0505904b912451b87e7868,2026-07-30T08:00:00,1,0.008402055684803528,0.0,0.0,0.0,0.0,4.2998527387465595,0.0,0.0,0.0,0.0,
a4ef79c2942a61250623e353b7067ebe51a7c3ba8e0505904b912451b87e7868,2026-07-30T08:00:00,1,0.01028674920974549,0.0,0.0,0.0,0.0,4.2998527387465595,0.0,0.0,0.0,0.0,
a4ef79c2942a61250623e353b7067ebe51a7c3ba8e0505904b912451b87e7868,2026-07-30T09:00:00,2,1.0045401528413969,0.0,0.0,0.0,0.0,4.2998527387465595,0.0,0.0,0.0,0.0,
a4ef79c2942a61250623e353b7067ebe51a7c3ba8e0505904b912451b87e7868,2026-07-30T09:00:00,2,0.9758206882977054,0.0,0.0,0.0,0.0,4.2998527387465595,0.0,0.0,0.0,0.0,
a4ef79c2942a61250623e353b7067ebe51a7c3ba8e0505904b912451b87e7868,2026-07-30T09:00:00,1,0.98884409788719,0.0,0.0,0.0,0.0,0.0,0.0,0.0,0.0,0.0,
a4ef79c2942a61250623e353b7067ebe51a7c3ba8e0505904b912451b87e7868,2026-07-30T09:00:00,2,0.994407866193535,0.0,0.0,0.0,0.0,2.6464393446710157,0.0,0.0,0.0,0.0,
a4ef79c2942a61250623e353b7067ebe51a7c3ba8e0505904b912451b87e7868,2026-07-30T10:00:00,1,-0.027254742412348633,0.0,0.0,0.0,0.0,2.6464393446710157,0.0,0.0,0.0,0.0,
a4ef79c2942a61250623e353b7067ebe51a7c3ba8e0505904b912451b87e7868,2026-07-30T10:00:00,1,-0.0184399093752412,0.0,0.0,0.0,0.0,2.6464393446710157,0.0,0.0,0.0,0.0,
a4ef79c2942a61250623e353b7067ebe51a7c3ba8e0505904b912451b87e7868,2026-07-30T10:00:00,1,-0.015296110907255904,0.0,0.0,0.0,0.0,2.6464393446710157,0.0,0.0,0.0,0.0,
a4ef79c2942a61250623e353b7067ebe51a7c3ba8e0505904b912451b87e7868,2026-07-30T14:00:00,1,0.031745199766609916,1.0,0.0,0.0,0.0,0.0,0.0,0.0,0.0,0.0,
a4ef79c2942a61250623e353b7067ebe51a7c3ba8e0505904b912451b87e7868,2026-07-30T14:00:00,1,-0.0015285156186445423,1.0,0.0,0.0,0.0,0.0,0.0,0.0,0.0,0.0,
a4ef79c2942a61250623e353b7067ebe51a7c3ba8e0505904b912451b87e7868,2026-07-30T15:00:00,1,-0.006233594501358762,1.0,0.0,0.0,0.0,0.0,0.0,0.0,0.0,0.0,
a4ef79c2942a61250623e353b7067ebe51a7c3ba8e0505904b912451b87e7868,2026-07-30T15:00:00,1,-0.0006231428595464923,1.0,0.0,0.0,0.0,0.0,0.0,0.0,0.0,0.0,
a4ef79c2942a61250623e353b7067ebe51a7c3ba8e0505904b912451b87e7868,2026-07-30T17:00:00,2,-0.03448342892587045,2.0,33424.76559493546,0.0,0.0,0.0,0.0,0.0,1.0,0.0,
a4ef79c2942a61250623e353b7067ebe51a7c3ba8e0505904b912451b87e7868,2026-07-30T18:00:00,2,0.009462140075051213,2.0,33424.76559493546,0.0,0.0,0.0,0.0,0.0,1.0,0.0,
a4ef79c2942a61250623e353b7067ebe51a7c3ba8e0505904b912451b87e7868,2026-07-30T18:00:00,2,-0.047713402070566756,2.0,33424.76559493546,0.0,0.0,0.0,0.0,0.0,1.0,0.0,
a4ef79c2942a61250623e353b7067ebe51a7c3ba8e0505904b912451b87e7868,2026-07-30T18:00:00,2,-0.013384108345515344,2.0,33424.76559493546,0.0,0.0,0.0,0.0,0.0,1.0,0.0,
a4ef79c2942a61250623e353b7067ebe51a7c3ba8e0505904b912451b87e7868,2026-07-30T22:00:00,1,-0.039753572293954056,0.0,0.0,0.0,0.0,0.0,0.0,0.0,1.0,0.0,
a4ef79c2942a61250623e353b7067ebe51a7c3ba8e0505904b912451b87e7868,2026-07-30T22:00:00,1,-0.02348580210304967,0.0,0.0,0.0,0.0,0.0,0.0,0.0,1.0,0.0,
a4ef79c2942a61250623e353b7067ebe51a7c3ba8e0505904b912451b87e7868,2026-07-30T22:00:00,1,0.013057775258701047,0.0,0.0,0.0,0.0,0.0,0.0,0.0,1.0,0.0,
b4a640d3aca83fae033727d4911dca433a27e479f9c6aa83955f1b374360921d,2026-07-28T00:00:00,1,-0.0030275757110278857,1.0,0.0,0.0,0.0,0.0,0.0,0.0,1.0,0.0,
b4a640d3aca83fae033727d4911dca433a27e479f9c6aa83955f1b374360921d,2026-07-28T00:00:00,1,-0.021141379482427957,1.0,0.0,0.0,0.0,0.0,0.0,0.0,1.0,0.0,
b4a640d3aca83fae033727d4911dca433a27e479f9c6aa83955f1b374360921d,2026-07-28T01:00:00,1,-0.011576221095187297,1.0,0.0,0.0,0.0,0.0,0.0,0.0,1.0,0.0,
b4a640d3aca83fae033727d4911dca433a27e479f9c6aa83955f1b374360921d,2026-07-28T01:00:00,1,-0.0072685654347226306,1.0,0.0,0.0,0.0,0.0,0.0,0.0,1.0,0.0,
b4a640d3aca83fae033727d4911dca433a27e479f9c6aa83955f1b374360921d,2026-07-28T02:00:00,1,0.026158440132214054,1.0,0.0,0.0,0.0,0.0,0.0,0.0,1.0,0.0,
b4a640d3aca83fae033727d4911dca433a27e479f9c6aa83955f1b374360921d,2026-07-28T02:00:00,1,-0.04668213104052134,1.0,0.0,0.0,0.0,0.0,0.0,0.0,1.0,0.0,
b4a640d3aca83fae033727d4911dca433a27e479f9c6aa83955f1b374360921d,2026-07-28T02:00:00,1,0.03785256117307569,1.0,0.0,0.0,0.0,0.0,0.0,0.0,1.0,0.0,
b4a640d3aca83fae033727d4911dca433a27e479f9c6aa83955f1b374360921d,2026-07-28T02:00:00,1,-0.003347705626886602,1.0,0.0,0.0,0.0,0.0,0.0,0.0,1.0,0.0,
b4a640d3aca83fae033727d4911dca433a27e479f9c6aa83955f1b374360921d,2026-07-28T07:00:00,1,0.017444673424570303,0.0,0.0,0.0,0.0,3.337175341123077,0.0,0.0,1.0,0.0,
b4a640d3aca83fae033727d4911dca433a27e479f9c6aa83955f1b374360921d,2026-07-28T07:00:00,1,0.0327361865718882,0.0,0.0,0.0,0.0,3.337175341123077,0.0,0.0,1.0,0.0,
b4a640d3aca83fae033727d4911dca433a27e479f9c6aa83955f1b374360921d,2026-07-28T08:00:00,1,0.001998599596545805,0.0,0.0,0.0,0.0,3.337175341123077,0.0,0.0,1.0,0.0,
b4a640d3aca83fae033727d4911dca433a27e479f9c6aa83955f1b374360921d,2026-07-28T08:00:00,1,-0.008312813019600128,0.0,0.0,0.0,0.0,3.337175341123077,0.0,0.0,1.0,0.0,
b4a640d3aca83fae033727d4911dca433a27e479f9c6aa83955f1b374360921d,2026-07-28T08:00:00,1,0.003262922056875716,0.0,0.0,0.0,0.0,0.0,0.0,0.0,0.0,0.0,
b4a640d3aca83fae033727d4911dca433a27e479f9c6aa83955f1b374360921d,2026-07-28T09:00:00,1,-0.03409267110427768,0.0,0.0,0.0,0.0,0.0,0.0,0.0,0.0,0.0,
b4a640d3aca83fae033727d4911dca433a27e479f9c6aa83955f1b374360921d,2026-07-28T09:00:00,1,0.006880763505021876,0.0,0.0,0.0,0.0,0.0,0.0,0.0,0.0,0.0,
b4a640d3aca83fae033727d4911dca433a27e479f9c6aa83955f1b374360921d,2026-07-28T09:00:00,1,0.004740012694822849,0.0,0.0,0.0,0.0,0.0,0.0,0.0,0.0,0.0,
b4a640d3aca83fae033727d4911dca433a27e479f9c6aa83955f1b374360921d,2026-07-28T10:00:00,1,0.02520048939217926,0.0,0.0,0.0,0.0,3.938721875540868,0.0,0.0,0.0,0.0,
b4a640d3aca83fae033727d4911dca433a27e479f9c6aa83955f1b374360921d,2026-07-28T10:00:00,1,0.00850981864330209,0.0,0.0,0.0,0.0,3.938721875540868,0.0,0.0,0.0,0.0,
b4a640d3aca83fae033727d4911dca433a27e479f9c6aa83955f1b374360921d,2026-07-28T11:00:00,1,-0.003917299908884262,0.0,0.0,0.0,0.0,3.938721875540868,0.0,0.0,0.0,0.0,
b4a640d3aca83fae033727d4911dca433a27e479f9c6aa83955f1b374360921d,2026-07-28T11:00:00,1,0.12460379288313568,0.0,0.0,0.0,0.0,3.938721875540868,0.0,0.0,0.0,0.0,
b4a640d3aca83fae033727d4911dca433a27e479f9c6aa83955f1b374360921d,2026-07-28T12:00:00,1,-0.032674103036598054,1.0,0.0,0.0,0.0,0.0,0.0,0.0,0.0,0.0,
b4a640d3aca83fae033727d4911dca433a27e479f9c6aa83955f1b374360921d,2026-07-28T12:00:00,1,0.0391729049624114,1.0,0.0,0.0,0.0,0.0,0.0,0.0,0.0,0.0,
b4a640d3aca83fae033727d4911dca433a27e479f9c6aa83955f1b374360921d,2026-07-28T12:00:00,1,-0.011003549220122935,1.0,0.0,0.0,0.0,0.0,0.0,0.0,0.0,0.0,
b4a640d3aca83fae033727d4911dca433a27e479f9c6aa83955f1b374360921d,2026-07-28T12:00:00,1,0.010331653107740979,1.0,0.0,0.0,0.0,0.0,0.0,0.0,0.0,0.0,
b4a640d3aca83fae033727d4911dca433a27e479f9c6aa83955f1b374360921d,2026-07-28T15:00:00,1,0.007066229421526561,1.0,0.0,0.0,0.0,0.0,0.0,0.0,0.0,0.0,
b4a640d3aca83fae033727d4911dca433a27e479f9c6aa83955f1b374360921d,2026-07-28T15:00:00,1,-0.0264355404362259,1.0,0.0,0.0,0.0,0.0,0.0,0.0,0.0,0.0,
b4a640d3aca83fae033727d4911dca433a27e479f9c6aa83955f1b374360921d,2026-07-28T15:00:00,1,0.006068106109886156,1.0,0.0,0.0,0.0,0.0,0.0,0.0,0.0,0.0,
b4a640d3aca83fae033727d4911dca433a27e479f9c6aa83955f1b374360921d,2026-07-28T16:00:00,1,0.009721977641371251,1.0,0.0,0.0,0.0,0.0,0.0,0.0,0.0,0.0,
b4a640d3aca83fae033727d4911dca433a27e479f9c6aa83955f1b374360921d,2026-07-28T18:00:00,1,0.9859790265534641,0.0,0.0,0.0,0.0,0.0,0.0,0.0,1.0,0.0,
b4a640d3aca83fae033727d4911dca433a27e479f9c6aa83955f1b374360921d,2026-07-28T18:00:00,1,0.9690346713026708,0.0,0.0,0.0,0.0,0.0,0.0,0.0,1.0,0.0,
b4a640d3aca83fae033727d4911dca433a27e479f9c6aa83955f1b374360921d,2026-07-28T18:00:00,2,0.9596490833440239,0.0,0.0,0.0,0.0,0.0,0.0,0.0,1.0,0.0,
b4a640d3aca83fae033727d4911dca433a27e479f9c6aa83955f1b374360921d,2026-07-28T19:00:00,2,0.9967765087800322,0.0,0.0,0.0,0.0,0.0,0.0,0.0,1.0,0.0,
b4a640d3aca83fae033727d4911dca433a27e479f9c6aa83955f1b374360921d,2026-07-28T19:00:00,1,-0.014991870639475205,0.0,0.0,0.0,0.0,0.0,0.0,0.0,1.0,0.0,
b4a640d3aca83fae033727d4911dca433a27e479f9c6aa83955f1b374360921d,2026-07-28T19:00:00,1,-0.017948385772323827,0.0,0.0,0.0,0.0,0.0,0.0,0.0,1.0,0.0,
b4a640d3aca83fae033727d4911dca433a27e479f9c6aa83955f1b374360921d,2026-07-28T20:00:00,1,0.0003173849995168375,1.0,0.0,0.0,0.0,0.0,0.0,0.0,1.0,0.0,
b4a640d3aca83fae033727d4911dca433a27e479f9c6aa83955f1b374360921d,2026-07-28T20:00:00,1,0.020978959284517443,1.0,0.0,0.0,0.0,0.0,0.0,0.0,1.0,0.0,
b4a640d3aca83fae033727d4911dca433a27e479f9c6aa83955f1b374360921d,2026-07-28T20:00:00,1,0.006147185378646427,1.0,0.0,0.0,0.0,0.0,0.0,0.0,1.0,0.0,
b4a640d3aca83fae033727d4911dca433a27e479f9c6aa83955f1b374360921d,2026-07-28T21:00:00,1,0.037071389781532335,1.0,0.0,0.0,0.0,0.0,0.0,0.0,1.0,0.0,
b4a640d3aca83fae033727d4911dca433a27e479f9c6aa83955f1b374360921d,2026-07-28T21:00:00,1,0.002562179215013321,0.0,0.0,0.0,0.0,3.321928094887362,0.0,0.0,1.0,0.0,
b4a640d3aca83fae033727d4911dca433a27e479f9c6aa83955f1b374360921d,2026-07-28T21:00:00,1,0.010323414471725623,0.0,0.0,0.0,0.0,3.321928094887362,0.0,0.0,1.0,0.0,
b4a640d3aca83fae033727d4911dca433a27e479f9c6aa83955f1b374360921d,2026-07-28T21:00:00,1,-0.007177285299749703,0.0,0.0,0.0,0.0,3.321928094887362,0.0,0.0,1.0,0.0,
b4a640d3aca83fae033727d4911dca433a27e479f9c6aa83955f1b374360921d,2026-07-28T22:00:00,1,0.042506444802035144,0.0,0.0,0.0,0.0,3.321928094887362,0.0,0.0,1.0,0.0,
b4a640d3aca83fae033727d4911dca433a27e479f9c6aa83955f1b374360921d,2026-07-28T23:00:00,1,-0.07434929361961284,1.0,0.0,0.0,0.0,0.0,0.0,0.0,1.0,0.0,
b4a640d3aca83fae033727d4911dca433a27e479f9c6aa83955f1b374360921d,2026-07-28T23:00:00,1,-0.05123646499825665,1.0,0.0,0.0,0.0,0.0,0.0,0.0,1.0,0.0,
b4a640d3aca83fae033727d4911dca433a27e479f9c6aa83955f1b374360921d,2026-07-28T23:00:00,2,0.002093395908875795,2.0,52.628148321141396,0.0,0.0,0.0,0.0,0.0,1.0,0.0,
b4a640d3aca83fae033727d4911dca433a27e479f9c6aa83955f1b374360921d,2026-07-29T00:00:00,2,0.06650619664522264,2.0,52.628148321141396,0.0,0.0,0.0,0.0,0.0,1.0,0.0,
b4a640d3aca83fae033727d4911dca433a27e479f9c6aa83955f1b374360921d,2026-07-29T00:00:00,1,-0.010985629042708285,1.0,0.0,0.0,0.0,0.0,0.0,0.0,1.0,0.0,
b4a640d3aca83fae033727d4911dca433a27e479f9c6aa83955f1b374360921d,2026-07-29T00:00:00,1,-0.025436523021957855,1.0,0.0,0.0,0.0,0.0,0.0,0.0,1.0,0.0,
b4a640d3aca83fae033727d4911dca433a27e479f9c6aa83955f1b374360921d,2026-07-29T03:00:00,1,0.025116749150174082,0.0,0.0,0.0,0.0,2.6464393446710157,0.0,0.0,1.0,0.0,
b4a640d3aca83fae033727d4911dca433a27e479f9c6aa83955f1b374360921d,2026-07-29T03:00:00,1,-0.024554324715940292,0.0,0.0,0.0,0.0,2.6464393446710157,0.0,0.0,1.0,0.0,
b4a640d3aca83fae033727d4911dca433a27e479f9c6aa83955f1b374360921d,2026-07-29T03:00:00,1,-0.030788704198426605,0.0,0.0,0.0,0.0,2.6464393446710157,0.0,0.0,1.0,0.0,
b4a640d3aca83fae033727d4911dca433a27e479f9c6aa83955f1b374360921d,2026-07-29T03:00:00,1,-0.009128753477046643,0.0,0.0,0.0,0.0,2.6464393446710157,0.0,0.0,1.0,0.0,
b4a640d3aca83fae033727d4911dca433a27e479f9c6aa83955f1b374360921d,2026-07-29T04:00:00,1,0.015490625602949391,0.0,0.0,0.0,0.0,3.321928094887362,0.0,0.0,1.0,0.0,
b4a640d3aca83fae033727d4911dca433a27e479f9c6aa83955f1b374360921d,2026-07-29T04:00:00,1,0.04323451021969217,0.0,0.0,0.0,0.0,3.321928094887362,0.0,0.0,1.0,0.0,
b4a640d3aca83fae033727d4911dca433a27e479f9c6aa83955f1b374360921d,2026-07-29T05:00:00,1,0.04862327869301383,0.0,0.0,0.0,0.0,3.321928094887362,0.0,0.0,1.0,0.0,
b4a640d3aca83fae033727d4911dca433a27e479f9c6aa83955f1b374360921d,2026-07-29T05:00:00,1,-0.10349811102787236,0.0,0.0,0.0,0.0,3.321928094887362,0.0,0.0,1.0,0.0,
b4a640d3aca83fae033727d4911dca433a27e479f9c6aa83955f1b374360921d,2026-07-29T06:00:00,1,0.9574539477824334,0.0,0.0,0.0,0.0,0.0,0.0,0.0,1.0,0.0,
b4a640d3aca83fae033727d4911dca433a27e479f9c6aa83955f1b374360921d,2026-07-29T07:00:00,1,0.9732460254511383,0.0,0.0,0.0,0.0,0.0,0.0,0.0,1.0,0.0,
b4a640d3aca83fae033727d4911dca433a27e479f9c6aa83955f1b374360921d,2026-07-29T07:00:00,1,1.0642905402644107,0.0,0.0,0.0,0.0,0.0,0.0,0.0,1.0,0.0,
b4a640d3aca83fae033727d4911dca433a27e479f9c6aa83955f1b374360921d,2026-07-29T07:00:00,1,0.9799383977837886,0.0,0.0,0.0,0.0,0.0,0.0,0.0,1.0,0.0,
b4a640d3aca83fae033727d4911dca433a27e479f9c6aa83955f1b374360921d,2026-07-29T10:00:00,1,-0.010475457645258162,1.0,0.0,0.0,0.0,0.0,0.0,0.0,0.0,0.0,
b4a640d3aca83fae033727d4911dca433a27e479f9c6aa83955f1b374360921d,2026-07-29T10:00:00,1,-0.003255734507400728,1.0,0.0,0.0,0.0,0.0,0.0,0.0,0.0,0.0,
b4a640d3aca83fae033727d4911dca433a27e479f9c6aa83955f1b374360921d,2026-07-29T10:00:00,1,0.0038274602923747793,1.0,0.0,0.0,0.0,0.0,0.0,0.0,0.0,0.0,
b4a640d3aca83fae033727d4911dca433a27e479f9c6aa83955f1b374360921d,2026-07-29T10:00:00,1,0.00044415973988420925,1.0,0.0,0.0,0.0,0.0,0.0,0.0,0.0,0.0,
b4a640d3aca83fae033727d4911dca433a27e479f9c6aa83955f1b374360921d,2026-07-29T12:00:00,1,0.0013420684975092288,0.0,0.0,0.0,0.0,0.0,0.0,0.0,0.0,0.0,
b4a640d3aca83fae033727d4911dca433a27e479f9c6aa83955f1b374360921d,2026-07-29T12:00:00,1,0.04238273658096207,0.0,0.0,0.0,0.0,0.0,0.0,0.0,0.0,0.0,
b4a640d3aca83fae033727d4911dca433a27e479f9c6aa83955f1b374360921d,2026-07-29T12:00:00,1,0.034371029107152916,0.0,0.0,0.0,0.0,0.0,0.0,0.0,0.0,0.0,
b4a640d3aca83fae033727d4911dca433a27e479f9c6aa83955f1b374360921d,2026-07-29T12:00:00,1,-0.04596739201154377,0.0,0.0,0.0,0.0,0.0,0.0,0.0,0.0,0.0,
b4a640d3aca83fae033727d4911dca433a27e479f9c6aa83955f1b374360921d,2026-07-29T15:00:00,1,1.0002486676431022,0.0,0.0,0.0,0.0,0.0,0.0,0.0,0.0,0.0,
b4a640d3aca83fae033727d4911dca433a27e479f9c6aa83955f1b374360921d,2026-07-29T15:00:00,1,0.9977974041178007,0.0,0.0,0.0,0.0,0.0,0.0,0.0,0.0,0.0,
b4a640d3aca83fae033727d4911dca433a27e479f9c6aa83955f1b374360921d,2026-07-29T16:00:00,1,1.0205812380461703,0.0,0.0,0.0,0.0,0.0,0.0,0.0,0.0,0.0,
b4a640d3aca83fae033727d4911dca433a27e479f9c6aa83955f1b374360921d,2026-07-29T16:00:00,1,1.0726267269611496,0.0,0.0,0.0,0.0,0.0,0.0,0.0,0.0,0.0,
b4a640d3aca83fae033727d4911dca433a27e479f9c6aa83955f1b374360921d,2026-07-29T17:00:00,1,0.0004832906982504683,1.0,0.0,0.0,0.0,0.0,0.0,0.0,1.0,0.0,
b4a640d3aca83fae033727d4911dca433a27e479f9c6aa83955f1b374360921d,2026-07-29T17:00:00,1,-0.008397850931767498,1.0,0.0,0.0,0.0,0.0,0.0,0.0,1.0,0.0,
b4a640d3aca83fae033727d4911dca433a27e479f9c6aa83955f1b374360921d,2026-07-29T17:00:00,2,0.03575960536952903,2.0,60.13183143322327,0.0,0.0,0.0,0.0,0.0,1.0,0.0,
b4a640d3aca83fae033727d4911dca433a27e479f9c6aa83955f1b374360921d,2026-07-29T17:00:00,2,-0.010970106958869639,2.0,60.13183143322327,0.0,0.0,0.0,0.0,0.0,1.0,0.0,
b4a640d3aca83fae033727d4911dca433a27e479f9c6aa83955f1b374360921d,2026-07-29T18:00:00,1,-0.010177657886752225,1.0,0.0,0.0,0.0,0.0,0.0,0.0,1.0,0.0,
b4a640d3aca83fae033727d4911dca433a27e479f9c6aa83955f1b374360921d,2026-07-29T18:00:00,1,0.007419185291170929,1.0,0.0,0.0,0.0,0.0,0.0,0.0,1.0,0.0,
b4a640d3aca83fae033727d4911dca433a27e479f9c6aa83955f1b374360921d,2026-07-29T19:00:00,1,0.012788560072544183,1.0,0.0,0.0,0.0,0.0,0.0,0.0,1.0,0.0,
b4a640d3aca83fae033727d4911dca433a27e479f9c6aa83955f1b374360921d,2026-07-29T19:00:00,1,-0.0020196686016202346,1.0,0.0,0.0,0.0,0.0,0.0,0.0,1.0,0.0,
b4a640d3aca83fae033727d4911dca433a27e479f9c6aa83955f1b374360921d,2026-07-29T19:00:00,2,0.011760377154724786,1.0,0.0,0.0,0.0,3.321928094887362,0.0,0.0,1.0,0.0,
b4a640d3aca83fae033727d4911dca433a27e479f9c6aa83955f1b374360921d,2026-07-29T19:00:00,3,0.0012033456637400197,2.0,106.36598339129709,0.0,0.0,3.321928094887362,0.0,0.0,1.0,0.0,
b4a640d3aca83fae033727d4911dca433a27e479f9c6aa83955f1b374360921d,2026-07-29T20:00:00,2,-0.005050408213915993,1.0,0.0,0.0,0.0,3.321928094887362,0.0,0.0,1.0,0.0,
b4a640d3aca83fae033727d4911dca433a27e479f9c6aa83955f1b374360921d,2026-07-29T20:00:00,2,0.00048532571341183497,1.0,0.0,0.0,0.0,3.321928094887362,0.0,0.0,1.0,0.0,
b4a640d3aca83fae033727d4911dca433a27e479f9c6aa83955f1b374360921d,2026-07-29T20:00:00,1,0.009565976060230671,1.0,0.0,0.0,0.0,0.0,0.0,0.0,1.0,0.0,
b4a640d3aca83fae033727d4911dca433a27e479f9c6aa83955f1b374360921d,2026-07-30T00:00:00,1,0.0013952298837364785,0.0,0.0,0.0,0.0,4.053508854797679,0.0,0.0,1.0,0.0,
b4a640d3aca83fae033727d4911dca433a27e479f9c6aa83955f1b374360921d,2026-07-30T00:00:00,1,-0.006827588588413689,0.0,0.0,0.0,0.0,4.053508854797679,0.0,0.0,1.0,0.0,
b4a640d3aca83fae033727d4911dca433a27e479f9c6aa83955f1b374360921d,2026-07-30T01:00:00,1,-0.029090435718141867,0.0,0.0,0.0,0.0,4.053508854797679,0.0,0.0,1.0,0.0,
b4a640d3aca83fae033727d4911dca433a27e479f9c6aa83955f1b374360921d,2026-07-30T01:00:00,1,0.012940968354397772,0.0,0.0,0.0,0.0,4.053508854797679,0.0,0.0,1.0,0.0,
b4a640d3aca83fae033727d4911dca433a27e479f9c6aa83955f1b374360921d,2026-07-30T02:00:00,1,0.007599541857514701,1.0,0.0,0.0,0.0,0.0,0.0,0.0,1.0,0.0,
b4a640d3aca83fae033727d4911dca433a27e479f9c6aa83955f1b374360921d,2026-07-30T02:00:00,1,-0.002317188266623321,1.0,0.0,0.0,0.0,0.0,0.0,0.0,1.0,0.0,
b4a640d3aca83fae033727d4911dca433a27e479f9c6aa83955f1b374360921d,2026-07-30T02:00:00,1,0.017979457052963787,1.0,0.0,0.0,0.0,0.0,0.0,0.0,1.0,0.0,
b4a640d3aca83fae033727d4911dca433a27e479f9c6aa83955f1b374360921d,2026-07-30T03:00:00,1,0.08219168602310935,1.0,0.0,0.0,0.0,0.0,0.0,0.0,1.0,0.0,
b4a640d3aca83fae033727d4911dca433a27e479f9c6aa83955f1b374360921d,2026-07-30T03:00:00,1,-0.00369194659223413,0.0,0.0,0.0,0.0,0.0,0.0,0.0,1.0,0.0,
b4a640d3aca83fae033727d4911dca433a27e479f9c6aa83955f1b374360921d,2026-07-30T03:00:00,1,-0.017742818261450338,0.0,0.0,0.0,0.0,0.0,0.0,0.0,1.0,0.0,
b4a640d3aca83fae033727d4911dca433a27e479f9c6aa83955f1b374360921d,2026-07-30T04:00:00,1,-0.0032815669208839313,0.0,0.0,0.0,0.0,0.0,0.0,0.0,1.0,0.0,
b4a640d3aca83fae033727d4911dca433a27e479f9c6aa83955f1b374360921d,2026-07-30T04:00:00,1,-0.02583451481784445,0.0,0.0,0.0,0.0,0.0,0.0,0.0,1.0,0.0,
b4a640d3aca83fae033727d4911dca433a27e479f9c6aa83955f1b374360921d,2026-07-30T05:00:00,1,0.05986052315563703,1.0,0.0,0.0,0.0,0.0,0.0,0.0,1.0,0.0,
b4a640d3aca83fae033727d4911dca433a27e479f9c6aa83955f1b374360921d,2026-07-30T05:00:00,1,-0.011020441227390196,1.0,0.0,0.0,0.0,0.0,0.0,0.0,1.0,0.0,
b4a640d3aca83fae033727d4911dca433a27e479f9c6aa83955f1b374360921d,2026-07-30T05:00:00,1,0.029731331134460828,1.0,0.0,0.0,0.0,0.0,0.0,0.0,1.0,0.0,
b4a640d3aca83fae033727d4911dca433a27e479f9c6aa83955f1b374360921d,2026-07-30T05:00:00,1,-0.001148225154850407,1.0,0.0,0.0,0.0,0.0,0.0,0.0,1.0,0.0,
b4a640d3aca83fae033727d4911dca433a27e479f9c6aa83955f1b374360921d,2026-07-30T07:00:00,1,0.043040498702867414,1.0,0.0,0.0,0.0,0.0,0.0,0.0,1.0,0.0,
b4a640d3aca83fae033727d4911dca433a27e479f9c6aa83955f1b374360921d,2026-07-30T07:00:00,1,-0.022583786728981894,1.0,0.0,0.0,0.0,0.0,0.0,0.0,1.0,0.0,
b4a640d3aca83fae033727d4911dca433a27e479f9c6aa83955f1b374360921d,2026-07-30T07:00:00,1,-0.0364228001194587,1.0,0.0,0.0,0.0,0.0,0.0,0.0,1.0,0.0,
b4a640d3aca83fae033727d4911dca433a27e479f9c6aa83955f1b374360921d,2026-07-30T08:00:00,1,0.024164659723246946,1.0,0.0,0.0,0.0,0.0,0.0,0.0,1.0,0.0,
b4a640d3aca83fae033727d4911dca433a27e479f9c6aa83955f1b374360921d,2026-07-30T15:00:00,1,0.004452068861557278,1.0,0.0,0.0,0.0,0.0,0.0,0.0,0.0,0.0,
b4a640d3aca83fae033727d4911dca433a27e479f9c6aa83955f1b374360921d,2026-07-30T15:00:00,1,0.010556379145387153,1.0,0.0,0.0,0.0,0.0,0.0,0.0,0.0,0.0,
b4a640d3aca83fae033727d4911dca433a27e479f9c6aa83955f1b374360921d,2026-07-30T16:00:00,1,0.0013052288609310316,1.0,0.0,0.0,0.0,0.0,0.0,0.0,0.0,0.0,
b4a640d3aca83fae033727d4911dca433a27e479f9c6aa83955f1b374360921d,2026-07-30T16:00:00,1,0.007049651792334754,1.0,0.0,0.0,0.0,0.0,0.0,0.0,0.0,0.0,
b4a640d3aca83fae033727d4911dca433a27e479f9c6aa83955f1b374360921d,2026-07-30T17:00:00,1,0.015699775786648742,1.0,0.0,0.0,0.0,0.0,0.0,0.0,1.0,0.0,
b4a640d3aca83fae033727d4911dca433a27e479f9c6aa83955f1b374360921d,2026-07-30T18:00:00,1,0.011379008507183088,1.0,0.0,0.0,0.0,0.0,0.0,0.0,1.0,0.0,
b4a640d3aca83fae033727d4911dca433a27e479f9c6aa83955f1b374360921d,2026-07-30T18:00:00,1,-0.030193880312332784,1.0,0.0,0.0,0.0,0.0,0.0,0.0,1.0,0.0,
b4a640d3aca83fae033727d4911dca433a27e479f9c6aa83955f1b374360921d,2026-07-30T18:00:00,1,0.0007438921643991232,1.0,0.0,0.0,0.0,0.0,0.0,0.0,1.0,0.0,
b4a640d3aca83fae033727d4911dca433a27e479f9c6aa83955f1b374360921d,2026-07-30T18:00:00,1,0.023950336432030043,0.0,0.0,0.0,0.0,0.0,0.0,0.0,1.0,0.0,
b4a640d3aca83fae033727d4911dca433a27e479f9c6aa83955f1b374360921d,2026-07-30T19:00:00,1,0.016501311965862214,0.0,0.0,0.0,0.0,0.0,0.0,0.0,1.0,0.0,
b4a640d3aca83fae033727d4911dca433a27e479f9c6aa83955f1b374360921d,2026-07-30T19:00:00,1,-0.02132511421261973,0.0,0.0,0.0,0.0,0.0,0.0,0.0,1.0,0.0,
b4a640d3aca83fae033727d4911dca433a27e479f9c6aa83955f1b374360921d,2026-07-30T19:00:00,1,-0.0001542661350771932,0.0,0.0,0.0,0.0,0.0,0.0,0.0,1.0,0.0,
f19549bd80d3e9930a2203a43b76de2db041d8fb3c9c2a1d2d7ba8b98d7b4b49,2026-07-28T00:00:00,1,-0.005391915883450211,0.0,0.0,0.0,0.0002777777777777778,0.0,0.29978586723768735,0.0,1.0,0.0,192.168.1.0
f19549bd80d3e9930a2203a43b76de2db041d8fb3c9c2a1d2d7ba8b98d7b4b49,2026-07-28T01:00:00,1,-0.0553150048074445,0.0,0.0,0.0,0.0002777777777777778,0.0,0.29978586723768735,0.0,1.0,0.0,192.168.1.0
f19549bd80d3e9930a2203a43b76de2db041d8fb3c9c2a1d2d7ba8b98d7b4b49,2026-07-28T01:00:00,1,-0.004985406993692692,0.0,0.0,0.0,0.0002777777777777778,0.0,0.29978586723768735,0.0,1.0,0.0,192.168.1.0
f19549bd80d3e9930a2203a43b76de2db041d8fb3c9c2a1d2d7ba8b98d7b4b49,2026-07-28T01:00:00,1,0.02782783329719528,0.0,0.0,0.0,0.0002777777777777778,0.0,0.29978586723768735,0.0,1.0,0.0,192.168.1.0
f19549bd80d3e9930a2203a43b76de2db041d8fb3c9c2a1d2d7ba8b98d7b4b49,2026-07-29T05:00:00,1,-0.11411269995017068,0.0,0.0,0.0,0.0002777777777777778,0.0,0.19841363797798034,0.0,1.0,0.0,192.168.1.0
f19549bd80d3e9930a2203a43b76de2db041d8fb3c9c2a1d2d7ba8b98d7b4b49,2026-07-29T05:00:00,1,0.004469191323865392,0.0,0.0,0.0,0.0002777777777777778,0.0,0.19841363797798034,0.0,1.0,0.0,192.168.1.0
f19549bd80d3e9930a2203a43b76de2db041d8fb3c9c2a1d2d7ba8b98d7b4b49,2026-07-29T06:00:00,1,0.009269664751600707,0.0,0.0,0.0,0.0002777777777777778,0.0,0.19841363797798034,0.0,1.0,0.0,192.168.1.0
f19549bd80d3e9930a2203a43b76de2db041d8fb3c9c2a1d2d7ba8b98d7b4b49,2026-07-29T06:00:00,1,0.011941907846049524,0.0,0.0,0.0,0.0002777777777777778,0.0,0.19841363797798034,0.0,1.0,0.0,192.168.1.0
f19549bd80d3e9930a2203a43b76de2db041d8fb3c9c2a1d2d7ba8b98d7b4b49,2026-07-29T06:00:00,1,-0.016288072074558048,0.0,0.0,0.0,0.0002777777777777778,0.0,0.09648002918110524,0.0,1.0,0.0,192.168.1.0
f19549bd80d3e9930a2203a43b76de2db041d8fb3c9c2a1d2d7ba8b98d7b4b49,2026-07-29T06:00:00,1,-0.06308560841044875,0.0,0.0,0.0,0.0002777777777777778,0.0,0.09648002918110524,0.0,1.0,0.0,192.168.1.0
f19549bd80d3e9930a2203a43b76de2db041d8fb3c9c2a1d2d7ba8b98d7b4b49,2026-07-29T07:00:00,1,-0.01392321631386797,0.0,0.0,0.0,0.0002777777777777778,0.0,0.09648002918110524,0.0,1.0,0.0,192.168.1.0
f19549bd80d3e9930a2203a43b76de2db041d8fb3c9c2a1d2d7ba8b98d7b4b49,2026-07-29T07:00:00,1,0.050280385258589036,0.0,0.0,0.0,0.0002777777777777778,0.0,0.09648002918110524,0.0,1.0,0.0,192.168.1.0
f19549bd80d3e9930a2203a43b76de2db041d8fb3c9c2a1d2d7ba8b98d7b4b49,2026-07-30T03:00:00,1,0.017462242727406752,0.0,0.0,0.0,0.0002777777777777778,0.0,500000.0,0.0,1.0,0.0,192.168.1.0
f19549bd80d3e9930a2203a43b76de2db041d8fb3c9c2a1d2d7ba8b98d7b4b49,2026-07-30T03:00:00,1,-0.004012799528092305,0.0,0.0,0.0,0.0002777777777777778,0.0,500000.0,0.0,1.0,0.0,192.168.1.0
f19549bd80d3e9930a2203a43b76de2db041d8fb3c9c2a1d2d7ba8b98d7b4b49,2026-07-30T03:00:00,1,0.02930940066114486,0.0,0.0,0.0,0.0002777777777777778,0.0,500000.0,0.0,1.0,0.0,192.168.1.0
f19549bd80d3e9930a2203a43b76de2db041d8fb3c9c2a1d2d7ba8b98d7b4b49,2026-07-30T03:00:00,1,-0.009953587000610133,0.0,0.0,0.0,0.0002777777777777778,0.0,500000.0,0.0,1.0,0.0,192.168.1.0
f19549bd80d3e9930a2203a43b76de2db041d8fb3c9c2a1d2d7ba8b98d7b4b49,2026-07-30T04:00:00,1,-0.021461681580287,0.0,0.0,0.0,0.0002777777777777778,0.0,1.2623400365630713,0.0,1.0,0.0,192.168.1.0
f19549bd80d3e9930a2203a43b76de2db041d8fb3c9c2a1d2d7ba8b98d7b4b49,2026-07-30T05:00:00,1,0.03783870102880051,0.0,0.0,0.0,0.0002777777777777778,0.0,1.2623400365630713,0.0,1.0,0.0,192.168.1.0
f19549bd80d3e9930a2203a43b76de2db041d8fb3c9c2a1d2d7ba8b98d7b4b49,2026-07-30T05:00:00,1,0.005534388417786548,0.0,0.0,0.0,0.0002777777777777778,0.0,1.2623400365630713,0.0,1.0,0.0,192.168.1.0
f19549bd80d3e9930a2203a43b76de2db041d8fb3c9c2a1d2d7ba8b98d7b4b49,2026-07-30T05:00:00,1,0.039227279284901787,0.0,0.0,0.0,0.0002777777777777778,0.0,1.2623400365630713,0.0,1.0,0.0,192.168.1.0
f19549bd80d3e9930a2203a43b76de2db041d8fb3c9c2a1d2d7ba8b98d7b4b49,2026-07-30T09:00:00,1,0.015549895420385956,0.0,0.0,0.0,0.0002777777777777778,0.0,0.10728682170542636,0.0,0.0,0.0,192.168.1.0
f19549bd80d3e9930a2203a43b76de2db041d8fb3c9c2a1d2d7ba8b98d7b4b49,2026-07-30T09:00:00,1,-0.017951268309573217,0.0,0.0,0.0,0.0002777777777777778,0.0,0.10728682170542636,0.0,0.0,0.0,192.168.1.0
f19549bd80d3e9930a2203a43b76de2db041d8fb3c9c2a1d2d7ba8b98d7b4b49,2026-07-30T09:00:00,1,0.0030862758361498276,0.0,0.0,0.0,0.0002777777777777778,0.0,0.10728682170542636,0.0,0.0,0.0,192.168.1.0
f19549bd80d3e9930a2203a43b76de2db041d8fb3c9c2a1d2d7ba8b98d7b4b49,2026-07-30T10:00:00,1,-0.03444988000263604,0.0,0.0,0.0,0.0002777777777777778,0.0,0.10728682170542636,0.0,0.0,0.0,192.168.1.0
f19549bd80d3e9930a2203a43b76de2db041d8fb3c9c2a1d2d7ba8b98d7b4b49,2026-07-30T16:00:00,1,-0.03459800654143012,0.0,0.0,0.0,0.0002777777777777778,0.0,0.32312180889861414,0.0,0.0,0.0,192.168.1.0
f19549bd80d3e9930a2203a43b76de2db041d8fb3c9c2a1d2d7ba8b98d7b4b49,2026-07-30T16:00:00,1,0.0015666184026549993,0.0,0.0,0.0,0.0002777777777777778,0.0,0.32312180889861414,0.0,0.0,0.0,192.168.1.0
f19549bd80d3e9930a2203a43b76de2db041d8fb3c9c2a1d2d7ba8b98d7b4b49,2026-07-30T16:00:00,1,0.013872151265665196,0.0,0.0,0.0,0.0002777777777777778,0.0,0.32312180889861414,0.0,0.0,0.0,192.168.1.0
f19549bd80d3e9930a2203a43b76de2db041d8fb3c9c2a1d2d7ba8b98d7b4b49,2026-07-30T16:00:00,1,-0.0018753183229174386,0.0,0.0,0.0,0.0002777777777777778,0.0,0.32312180889861414,0.0,0.0,0.0,192.168.1.0
e61e3caf9b2d0cd9ce522160198a26eb47e1efaa793730c80fc00a3b9692e118,2026-07-28T00:00:00,1,-0.04194935843627601,0.0,0.0,0.0,0.0002777777777777778,0.0,0.5065367854396309,0.0,1.0,0.0,192.168.1.0
e61e3caf9b2d0cd9ce522160198a26eb47e1efaa793730c80fc00a3b9692e118,2026-07-28T01:00:00,1,0.018494151553805693,0.0,0.0,0.0,0.0002777777777777778,0.0,0.5065367854396309,0.0,1.0,0.0,192.168.1.0
e61e3caf9b2d0cd9ce522160198a26eb47e1efaa793730c80fc00a3b9692e118,2026-07-28T01:00:00,1,0.07777631844001165,0.0,0.0,0.0,0.0002777777777777778,0.0,0.5065367854396309,0.0,1.0,0.0,192.168.1.0
e61e3caf9b2d0cd9ce522160198a26eb47e1efaa793730c80fc00a3b9692e118,2026-07-28T01:00:00,1,0.0278529675534525,0.0,0.0,0.0,0.0002777777777777778,0.0,0.5065367854396309,0.0,1.0,0.0,192.168.1.0
e61e3caf9b2d0cd9ce522160198a26eb47e1efaa793730c80fc00a3b9692e118,2026-07-28T18:00:00,1,-0.00365215797303664,0.0,0.0,0.0,0.0002777777777777778,0.0,0.03998284917997642,0.0,1.0,0.0,192.168.1.0
e61e3caf9b2d0cd9ce522160198a26eb47e1efaa793730c80fc00a3b9692e118,2026-07-28T18:00:00,1,-0.023070898826004733,0.0,0.0,0.0,0.0002777777777777778,0.0,0.03998284917997642,0.0,1.0,0.0,192.168.1.0
e61e3caf9b2d0cd9ce522160198a26eb47e1efaa793730c80fc00a3b9692e118,2026-07-28T18:00:00,1,0.04652324811831397,0.0,0.0,0.0,0.0002777777777777778,0.0,0.03998284917997642,0.0,1.0,0.0,192.168.1.0
e61e3caf9b2d0cd9ce522160198a26eb47e1efaa793730c80fc00a3b9692e118,2026-07-28T19:00:00,1,-0.001722874517615078,0.0,0.0,0.0,0.0002777777777777778,0.0,0.03998284917997642,0.0,1.0,0.0,192.168.1.0
e61e3caf9b2d0cd9ce522160198a26eb47e1efaa793730c80fc00a3b9692e118,2026-07-28T20:00:00,1,-0.043945400535986626,0.0,0.0,0.0,0.0002777777777777778,0.0,0.1841949778434269,0.0,1.0,0.0,192.168.1.0
e61e3caf9b2d0cd9ce522160198a26eb47e1efaa793730c80fc00a3b9692e118,2026-07-28T20:00:00,1,0.05676696045619879,0.0,0.0,0.0,0.0002777777777777778,0.0,0.1841949778434269,0.0,1.0,0.0,192.168.1.0
e61e3caf9b2d0cd9ce522160198a26eb47e1efaa793730c80fc00a3b9692e118,2026-07-28T21:00:00,2,-0.008709094712036661,0.0,0.0,0.0,0.0005555555555555556,0.0,0.212421986615535,0.0,1.0,0.0,192.168.1.0
e61e3caf9b2d0cd9ce522160198a26eb47e1efaa793730c80fc00a3b9692e118,2026-07-28T21:00:00,2,-0.04122514384243942,0.0,0.0,0.0,0.0005555555555555556,0.0,0.212421986615535,0.0,1.0,0.0,192.168.1.0
e61e3caf9b2d0cd9ce522160198a26eb47e1efaa793730c80fc00a3b9692e118,2026-07-28T21:00:00,1,0.006458674098146539,0.0,0.0,0.0,0.0002777777777777778,0.0,0.2416909174452443,0.0,1.0,0.0,192.168.1.0
e61e3caf9b2d0cd9ce522160198a26eb47e1efaa793730c80fc00a3b9692e118,2026-07-28T21:00:00,1,0.0029765751836286687,0.0,0.0,0.0,0.0002777777777777778,0.0,0.2416909174452443,0.0,1.0,0.0,192.168.1.0
e61e3caf9b2d0cd9ce522160198a26eb47e1efaa793730c80fc00a3b9692e118,2026-07-29T00:00:00,1,0.02044637890983791,0.0,0.0,0.0,0.0002777777777777778,0.0,0.15622307029422627,0.0,1.0,0.0,192.168.1.0
e61e3caf9b2d0cd9ce522160198a26eb47e1efaa793730c80fc00a3b9692e118,2026-07-29T00:00:00,1,-0.001245122421973031,0.0,0.0,0.0,0.0002777777777777778,0.0,0.15622307029422627,0.0,1.0,0.0,192.168.1.0
e61e3caf9b2d0cd9ce522160198a26eb47e1efaa793730c80fc00a3b9692e118,2026-07-29T01:00:00,1,-0.003451256958385558,0.0,0.0,0.0,0.0002777777777777778,0.0,0.15622307029422627,0.0,1.0,0.0,192.168.1.0
e61e3caf9b2d0cd9ce522160198a26eb47e1efaa793730c80fc00a3b9692e118,2026-07-29T01:00:00,1,-0.009003664938499878,0.0,0.0,0.0,0.0002777777777777778,0.0,0.15622307029422627,0.0,1.0,0.0,192.168.1.0
e61e3caf9b2d0cd9ce522160198a26eb47e1efaa793730c80fc00a3b9692e118,2026-07-29T07:00:00,1,-0.05160478257709638,0.0,0.0,0.0,0.0002777777777777778,0.0,0.08620689655172414,0.0,1.0,0.0,192.168.1.0
e61e3caf9b2d0cd9ce522160198a26eb47e1efaa793730c80fc00a3b9692e118,2026-07-29T08:00:00,1,0.00701932887411506,0.0,0.0,0.0,0.0002777777777777778,0.0,0.08620689655172414,0.0,1.0,0.0,192.168.1.0
e61e3caf9b2d0cd9ce522160198a26eb47e1efaa793730c80fc00a3b9692e118,2026-07-29T08:00:00,1,-0.019818501559626736,0.0,0.0,0.0,0.0002777777777777778,0.0,0.08620689655172414,0.0,1.0,0.0,192.168.1.0
e61e3caf9b2d0cd9ce522160198a26eb47e1efaa793730c80fc00a3b9692e118,2026-07-29T08:00:00,1,0.03718875608685578,0.0,0.0,0.0,0.0002777777777777778,0.0,0.08620689655172414,0.0,1.0,0.0,192.168.1.0
e61e3caf9b2d0cd9ce522160198a26eb47e1efaa793730c80fc00a3b9692e118,2026-07-29T23:00:00,1,0.034756930850350753,0.0,0.0,0.0,0.0002777777777777778,0.0,0.08902042711234912,0.0,1.0,0.0,192.168.1.0
e61e3caf9b2d0cd9ce522160198a26eb47e1efaa793730c80fc00a3b9692e118,2026-07-29T23:00:00,1,0.003145789693015385,0.0,0.0,0.0,0.0002777777777777778,0.0,0.08902042711234912,0.0,1.0,0.0,192.168.1.0
e61e3caf9b2d0cd9ce522160198a26eb47e1efaa793730c80fc00a3b9692e118,2026-07-29T23:00:00,1,-0.01878999947985103,0.0,0.0,0.0,0.0002777777777777778,0.0,0.08902042711234912,0.0,1.0,0.0,192.168.1.0
e61e3caf9b2d0cd9ce522160198a26eb47e1efaa793730c80fc00a3b9692e118,2026-07-29T23:00:00,1,-0.013691883220539807,0.0,0.0,0.0,0.0002777777777777778,0.0,0.08902042711234912,0.0,1.0,0.0,192.168.1.0
e61e3caf9b2d0cd9ce522160198a26eb47e1efaa793730c80fc00a3b9692e118,2026-07-30T07:00:00,1,0.006276738671002617,0.0,0.0,0.0,0.0002777777777777778,0.0,0.21543553482774183,0.0,1.0,0.0,192.168.1.0
e61e3caf9b2d0cd9ce522160198a26eb47e1efaa793730c80fc00a3b9692e118,2026-07-30T07:00:00,1,0.05056945735616255,0.0,0.0,0.0,0.0002777777777777778,0.0,0.21543553482774183,0.0,1.0,0.0,192.168.1.0
e61e3caf9b2d0cd9ce522160198a26eb47e1efaa793730c80fc00a3b9692e118,2026-07-30T08:00:00,1,-0.032661377033044364,0.0,0.0,0.0,0.0002777777777777778,0.0,0.21543553482774183,0.0,1.0,0.0,192.168.1.0
e61e3caf9b2d0cd9ce522160198a26eb47e1efaa793730c80fc00a3b9692e118,2026-07-30T08:00:00,1,0.00014701861581613372,0.0,0.0,0.0,0.0002777777777777778,0.0,0.21543553482774183,0.0,1.0,0.0,192.168.1.0
e61e3caf9b2d0cd9ce522160198a26eb47e1efaa793730c80fc00a3b9692e118,2026-07-30T11:00:00,1,0.02577445828619283,0.0,0.0,0.0,0.0002777777777777778,0.0,0.4005181347150259,0.0,0.0,0.0,192.168.1.0
e61e3caf9b2d0cd9ce522160198a26eb47e1efaa793730c80fc00a3b9692e118,2026-07-30T11:00:00,1,-0.01167852873813213,0.0,0.0,0.0,0.0002777777777777778,0.0,0.4005181347150259,0.0,0.0,0.0,192.168.1.0
e61e3caf9b2d0cd9ce522160198a26eb47e1efaa793730c80fc00a3b9692e118,2026-07-30T12:00:00,1,0.02726632042826109,0.0,0.0,0.0,0.0002777777777777778,0.0,0.4005181347150259,0.0,0.0,0.0,192.168.1.0
e61e3caf9b2d0cd9ce522160198a26eb47e1efaa793730c80fc00a3b9692e118,2026-07-30T12:00:00,1,-0.06658875751545966,0.0,0.0,0.0,0.0002777777777777778,0.0,0.4005181347150259,0.0,0.0,0.0,192.168.1.0
d24dd538626bb38eb38b7ebd5dff41cb403a2d13800ef58203e4e6356a8ad873,2026-07-28T01:00:00,1,-0.021256969189179967,0.0,0.0,0.0,0.0002777777777777778,0.0,0.06655405405405405,0.0,1.0,0.0,192.168.1.0
d24dd538626bb38eb38b7ebd5dff41cb403a2d13800ef58203e4e6356a8ad873,2026-07-28T01:00:00,1,0.04649486417250045,0.0,0.0,0.0,0.0002777777777777778,0.0,0.06655405405405405,0.0,1.0,0.0,192.168.1.0
d24dd538626bb38eb38b7ebd5dff41cb403a2d13800ef58203e4e6356a8ad873,2026-07-28T01:00:00,1,0.009007532159686051,0.0,0.0,0.0,0.0002777777777777778,0.0,0.06655405405405405,0.0,1.0,0.0,192.168.1.0
d24dd538626bb38eb38b7ebd5dff41cb403a2d13800ef58203e4e6356a8ad873,2026-07-28T01:00:00,1,0.004246833887482363,0.0,0.0,0.0,0.0002777777777777778,0.0,0.06655405405405405,0.0,1.0,0.0,192.168.1.0
d24dd538626bb38eb38b7ebd5dff41cb403a2d13800ef58203e4e6356a8ad873,2026-07-28T11:00:00,1,0.00973520276238915,0.0,0.0,0.0,0.0002777777777777778,0.0,0.2009261123414536,0.0,0.0,0.0,192.168.1.0
d24dd538626bb38eb38b7ebd5dff41cb403a2d13800ef58203e4e6356a8ad873,2026-07-28T12:00:00,1,-0.0028942838336751286,0.0,0.0,0.0,0.0002777777777777778,0.0,0.2009261123414536,0.0,0.0,0.0,192.168.1.0
d24dd538626bb38eb38b7ebd5dff41cb403a2d13800ef58203e4e6356a8ad873,2026-07-28T12:00:00,1,0.005444559219006935,0.0,0.0,0.0,0.0002777777777777778,0.0,0.2009261123414536,0.0,0.0,0.0,192.168.1.0
d24dd538626bb38eb38b7ebd5dff41cb403a2d13800ef58203e4e6356a8ad873,2026-07-28T12:00:00,1,-0.0020838230347482055,0.0,0.0,0.0,0.0002777777777777778,0.0,0.2009261123414536,0.0,0.0,0.0,192.168.1.0
d24dd538626bb38eb38b7ebd5dff41cb403a2d13800ef58203e4e6356a8ad873,2026-07-29T02:00:00,1,0.00950424262745192,0.0,0.0,0.0,0.0002777777777777778,0.0,0.08087638625912902,0.0,1.0,0.0,192.168.1.0
d24dd538626bb38eb38b7ebd5dff41cb403a2d13800ef58203e4e6356a8ad873,2026-07-29T02:00:00,1,-0.011937861234446881,0.0,0.0,0.0,0.0002777777777777778,0.0,0.08087638625912902,0.0,1.0,0.0,192.168.1.0
d24dd538626bb38eb38b7ebd5dff41cb403a2d13800ef58203e4e6356a8ad873,2026-07-29T02:00:00,1,0.05290511788629715,0.0,0.0,0.0,0.0002777777777777778,0.0,0.08087638625912902,0.0,1.0,0.0,192.168.1.0
d24dd538626bb38eb38b7ebd5dff41cb403a2d13800ef58203e4e6356a8ad873,2026-07-29T02:00:00,1,-0.0037592703790885304,0.0,0.0,0.0,0.0002777777777777778,0.0,0.08087638625912902,0.0,1.0,0.0,192.168.1.0
d24dd538626bb38eb38b7ebd5dff41cb403a2d13800ef58203e4e6356a8ad873,2026-07-29T07:00:00,1,0.005388345201794605,0.0,0.0,0.0,0.0002777777777777778,0.0,0.22800574804406834,0.0,1.0,0.0,192.168.1.0
d24dd538626bb38eb38b7ebd5dff41cb403a2d13800ef58203e4e6356a8ad873,2026-07-29T07:00:00,1,0.01152854491955312,0.0,0.0,0.0,0.0002777777777777778,0.0,0.22800574804406834,0.0,1.0,0.0,192.168.1.0
d24dd538626bb38eb38b7ebd5dff41cb403a2d13800ef58203e4e6356a8ad873,2026-07-29T08:00:00,1,0.023875383071072814,0.0,0.0,0.0,0.0002777777777777778,0.0,0.22800574804406834,0.0,1.0,0.0,192.168.1.0
d24dd538626bb38eb38b7ebd5dff41cb403a2d13800ef58203e4e6356a8ad873,2026-07-29T08:00:00,1,-0.0016585740861199897,0.0,0.0,0.0,0.0002777777777777778,0.0,0.22800574804406834,0.0,1.0,0.0,192.168.1.0
d24dd538626bb38eb38b7ebd5dff41cb403a2d13800ef58203e4e6356a8ad873,2026-07-29T13:00:00,1,0.045783740840540765,0.0,0.0,0.0,0.0002777777777777778,0.0,0.7782118055555556,0.0,0.0,0.0,192.168.1.0
d24dd538626bb38eb38b7ebd5dff41cb403a2d13800ef58203e4e6356a8ad873,2026-07-29T13:00:00,1,-0.008467937160004052,0.0,0.0,0.0,0.0002777777777777778,0.0,0.7782118055555556,0.0,0.0,0.0,192.168.1.0
d24dd538626bb38eb38b7ebd5dff41cb403a2d13800ef58203e4e6356a8ad873,2026-07-29T13:00:00,1,0.0057620380528763575,0.0,0.0,0.0,0.0002777777777777778,0.0,0.7782118055555556,0.0,0.0,0.0,192.168.1.0
d24dd538626bb38eb38b7ebd5dff41cb403a2d13800ef58203e4e6356a8ad873,2026-07-29T13:00:00,1,-0.026251505798649526,0.0,0.0,0.0,0.0002777777777777778,0.0,0.7782118055555556,0.0,0.0,0.0,192.168.1.0
d24dd538626bb38eb38b7ebd5dff41cb403a2d13800ef58203e4e6356a8ad873,2026-07-29T18:00:00,1,-9.384871731234976e-05,0.0,0.0,0.0,0.0002777777777777778,0.0,0.16912994980479643,0.0,1.0,0.0,192.168.1.0
d24dd538626bb38eb38b7ebd5dff41cb403a2d13800ef58203e4e6356a8ad873,2026-07-29T19:00:00,1,0.07372310684742157,0.0,0.0,0.0,0.0002777777777777778,0.0,0.16912994980479643,0.0,1.0,0.0,192.168.1.0
d24dd538626bb38eb38b7ebd5dff41cb403a2d13800ef58203e4e6356a8ad873,2026-07-29T19:00:00,1,0.016058579318236267,0.0,0.0,0.0,0.0002777777777777778,0.0,0.16912994980479643,0.0,1.0,0.0,192.168.1.0
d24dd538626bb38eb38b7ebd5dff41cb403a2d13800ef58203e4e6356a8ad873,2026-07-29T19:00:00,1,0.032935477129640095,0.0,0.0,0.0,0.0002777777777777778,0.0,0.16912994980479643,0.0,1.0,0.0,192.168.1.0
d24dd538626bb38eb38b7ebd5dff41cb403a2d13800ef58203e4e6356a8ad873,2026-07-29T21:00:00,1,-0.045750726044160216,0.0,0.0,0.0,0.0002777777777777778,0.0,0.055359037849310226,0.0,1.0,0.0,192.168.1.0
d24dd538626bb38eb38b7ebd5dff41cb403a2d13800ef58203e4e6356a8ad873,2026-07-29T21:00:00,1,0.0077292275078059535,0.0,0.0,0.0,0.0002777777777777778,0.0,0.055359037849310226,0.0,1.0,0.0,192.168.1.0
d24dd538626bb38eb38b7ebd5dff41cb403a2d13800ef58203e4e6356a8ad873,2026-07-29T21:00:00,1,0.006128624385995646,0.0,0.0,0.0,0.0002777777777777778,0.0,0.055359037849310226,0.0,1.0,0.0,192.168.1.0
d24dd538626bb38eb38b7ebd5dff41cb403a2d13800ef58203e4e6356a8ad873,2026-07-29T21:00:00,1,0.009385339697156228,0.0,0.0,0.0,0.0002777777777777778,0.0,0.055359037849310226,0.0,1.0,0.0,192.168.1.0
d24dd538626bb38eb38b7ebd5dff41cb403a2d13800ef58203e4e6356a8ad873,2026-07-30T05:00:00,1,-0.005887847931828275,0.0,0.0,0.0,0.0002777777777777778,0.0,0.1880113278791693,0.0,1.0,0.0,192.168.1.0
d24dd538626bb38eb38b7ebd5dff41cb403a2d13800ef58203e4e6356a8ad873,2026-07-30T05:00:00,1,-0.018035931235759174,0.0,0.0,0.0,0.0002777777777777778,0.0,0.1880113278791693,0.0,1.0,0.0,192.168.1.0
d24dd538626bb38eb38b7ebd5dff41cb403a2d13800ef58203e4e6356a8ad873,2026-07-30T05:00:00,1,-0.035987275147721806,0.0,0.0,0.0,0.0002777777777777778,0.0,0.1880113278791693,0.0,1.0,0.0,192.168.1.0
d24dd538626bb38eb38b7ebd5dff41cb403a2d13800ef58203e4e6356a8ad873,2026-07-30T06:00:00,1,-0.006705396466628643,0.0,0.0,0.0,0.0002777777777777778,0.0,0.1880113278791693,0.0,1.0,0.0,192.168.1.0
6b08cb37fecf9d642d343a6c4a0ba334aabdee11a2f23c41796ac349cb03c75c,2026-07-28T01:00:00,1,0.019219342101703025,0.0,0.0,0.0,0.0002777777777777778,0.0,0.2852725793327909,0.0,1.0,0.0,192.168.1.0
6b08cb37fecf9d642d343a6c4a0ba334aabdee11a2f23c41796ac349cb03c75c,2026-07-28T01:00:00,1,-0.0019543590390754357,0.0,0.0,0.0,0.0002777777777777778,0.0,0.2852725793327909,0.0,1.0,0.0,192.168.1.0
6b08cb37fecf9d642d343a6c4a0ba334aabdee11a2f23c41796ac349cb03c75c,2026-07-28T01:00:00,1,0.004673980926061247,0.0,0.0,0.0,0.0002777777777777778,0.0,0.2852725793327909,0.0,1.0,0.0,192.168.1.0
6b08cb37fecf9d642d343a6c4a0ba334aabdee11a2f23c41796ac349cb03c75c,2026-07-28T02:00:00,1,0.029250525173703083,0.0,0.0,0.0,0.0002777777777777778,0.0,0.2852725793327909,0.0,1.0,0.0,192.168.1.0
6b08cb37fecf9d642d343a6c4a0ba334aabdee11a2f23c41796ac349cb03c75c,2026-07-28T02:00:00,1,-0.0030508877790525147,0.0,0.0,0.0,0.0002777777777777778,0.0,0.08676294928873927,0.0,1.0,0.0,192.168.1.0
6b08cb37fecf9d642d343a6c4a0ba334aabdee11a2f23c41796ac349cb03c75c,2026-07-28T03:00:00,2,0.014649249909662567,0.0,0.0,0.0,0.0002777777777777778,0.0,0.11600610558450444,0.0,1.0,0.0,192.168.1.0
6b08cb37fecf9d642d343a6c4a0ba334aabdee11a2f23c41796ac349cb03c75c,2026-07-28T03:00:00,2,-0.0027165419421589943,0.0,0.0,0.0,0.0002777777777777778,0.0,0.11600610558450444,0.0,1.0,0.0,192.168.1.0
6b08cb37fecf9d642d343a6c4a0ba334aabdee11a2f23c41796ac349cb03c75c,2026-07-28T03:00:00,2,0.04596222246995563,0.0,0.0,0.0,0.0002777777777777778,0.0,0.11600610558450444,0.0,1.0,0.0,192.168.1.0
6b08cb37fecf9d642d343a6c4a0ba334aabdee11a2f23c41796ac349cb03c75c,2026-07-28T03:00:00,1,3.151869638136579e-05,0.0,0.0,0.0,0.0002777777777777778,0.0,0.1435137895812053,0.0,1.0,0.0,192.168.1.0
6b08cb37fecf9d642d343a6c4a0ba334aabdee11a2f23c41796ac349cb03c75c,2026-07-28T07:00:00,1,-0.004343851147119289,0.0,0.0,0.0,0.0002777777777777778,0.0,0.24323627930945632,0.0,1.0,0.0,192.168.1.0
6b08cb37fecf9d642d343a6c4a0ba334aabdee11a2f23c41796ac349cb03c75c,2026-07-28T07:00:00,1,-0.010616281028951438,0.0,0.0,0.0,0.0002777777777777778,0.0,0.24323627930945632,0.0,1.0,0.0,192.168.1.0
6b08cb37fecf9d642d343a6c4a0ba334aabdee11a2f23c41796ac349cb03c75c,2026-07-28T07:00:00,1,-0.001066765385515243,0.0,0.0,0.0,0.0002777777777777778,0.0,0.24323627930945632,0.0,1.0,0.0,192.168.1.0
6b08cb37fecf9d642d343a6c4a0ba334aabdee11a2f23c41796ac349cb03c75c,2026-07-28T07:00:00,1,-0.0003515244072778193,0.0,0.0,0.0,0.0002777777777777778,0.0,0.24323627930945632,0.0,1.0,0.0,192.168.1.0
6b08cb37fecf9d642d343a6c4a0ba334aabdee11a2f23c41796ac349cb03c75c,2026-07-29T04:00:00,1,0.02827409408685952,0.0,0.0,0.0,0.0002777777777777778,0.0,0.024206672091131,0.0,1.0,0.0,192.168.1.0
6b08cb37fecf9d642d343a6c4a0ba334aabdee11a2f23c41796ac349cb03c75c,2026-07-29T04:00:00,1,0.005515325592870196,0.0,0.0,0.0,0.0002777777777777778,0.0,0.024206672091131,0.0,1.0,0.0,192.168.1.0
6b08cb37fecf9d642d343a6c4a0ba334aabdee11a2f23c41796ac349cb03c75c,2026-07-29T04:00:00,1,0.01968660438739085,0.0,0.0,0.0,0.0002777777777777778,0.0,0.024206672091131,0.0,1.0,0.0,192.168.1.0
6b08cb37fecf9d642d343a6c4a0ba334aabdee11a2f23c41796ac349cb03c75c,2026-07-29T05:00:00,1,-0.009228814315207017,0.0,0.0,0.0,0.0002777777777777778,0.0,0.024206672091131,0.0,1.0,0.0,192.168.1.0
6b08cb37fecf9d642d343a6c4a0ba334aabdee11a2f23c41796ac349cb03c75c,2026-07-29T18:00:00,1,0.0029122478387411206,0.0,0.0,0.0,0.0002777777777777778,0.0,1.5049423393739703,0.0,1.0,0.0,192.168.1.0
6b08cb37fecf9d642d343a6c4a0ba334aabdee11a2f23c41796ac349cb03c75c,2026-07-29T19:00:00,1,0.0020611822675483237,0.0,0.0,0.0,0.0002777777777777778,0.0,1.5049423393739703,0.0,1.0,0.0,192.168.1.0
6b08cb37fecf9d642d343a6c4a0ba334aabdee11a2f23c41796ac349cb03c75c,2026-07-29T19:00:00,1,-0.052520002843888004,0.0,0.0,0.0,0.0002777777777777778,0.0,1.5049423393739703,0.0,1.0,0.0,192.168.1.0
6b08cb37fecf9d642d343a6c4a0ba334aabdee11a2f23c41796ac349cb03c75c,2026-07-29T19:00:00,1,-0.005877779781612603,0.0,0.0,0.0,0.0002777777777777778,0.0,1.5049423393739703,0.0,1.0,0.0,192.168.1.0
6b08cb37fecf9d642d343a6c4a0ba334aabdee11a2f23c41796ac349cb03c75c,2026-07-29T21:00:00,1,-0.021769656162637287,0.0,0.0,0.0,0.0002777777777777778,0.0,0.11970927746900385,0.0,1.0,0.0,192.168.1.0
6b08cb37fecf9d642d343a6c4a0ba334aabdee11a2f23c41796ac349cb03c75c,2026-07-29T21:00:00,1,-0.01110220686279944,0.0,0.0,0.0,0.0002777777777777778,0.0,0.11970927746900385,0.0,1.0,0.0,192.168.1.0
6b08cb37fecf9d642d343a6c4a0ba334aabdee11a2f23c41796ac349cb03c75c,2026-07-29T22:00:00,1,-0.005654161123729625,0.0,0.0,0.0,0.0002777777777777778,0.0,0.11970927746900385,0.0,1.0,0.0,192.168.1.0
6b08cb37fecf9d642d343a6c4a0ba334aabdee11a2f23c41796ac349cb03c75c,2026-07-29T22:00:00,1,-0.006864748003104726,0.0,0.0,0.0,0.0002777777777777778,0.0,0.11970927746900385,0.0,1.0,0.0,192.168.1.0
6b08cb37fecf9d642d343a6c4a0ba334aabdee11a2f23c41796ac349cb03c75c,2026-07-30T01:00:00,1,-0.017937859034769462,0.0,0.0,0.0,0.0002777777777777778,0.0,0.08628721895888192,0.0,1.0,0.0,192.168.1.0
6b08cb37fecf9d642d343a6c4a0ba334aabdee11a2f23c41796ac349cb03c75c,2026-07-30T02:00:00,1,-0.024373320845898622,0.0,0.0,0.0,0.0002777777777777778,0.0,0.08628721895888192,0.0,1.0,0.0,192.168.1.0
6b08cb37fecf9d642d343a6c4a0ba334aabdee11a2f23c41796ac349cb03c75c,2026-07-30T02:00:00,1,0.005758080973178338,0.0,0.0,0.0,0.0002777777777777778,0.0,0.08628721895888192,0.0,1.0,0.0,192.168.1.0
6b08cb37fecf9d642d343a6c4a0ba334aabdee11a2f23c41796ac349cb03c75c,2026-07-30T02:00:00,1,-0.030068944426990075,0.0,0.0,0.0,0.0002777777777777778,0.0,0.08628721895888192,0.0,1.0,0.0,192.168.1.0
6b08cb37fecf9d642d343a6c4a0ba334aabdee11a2f23c41796ac349cb03c75c,2026-07-30T13:00:00,1,0.004126886797562135,0.0,0.0,0.0,0.0002777777777777778,0.0,0.24785726779779604,0.0,0.0,0.0,192.168.1.0
6b08cb37fecf9d642d343a6c4a0ba334aabdee11a2f23c41796ac349cb03c75c,2026-07-30T13:00:00,1,0.03488731069782751,0.0,0.0,0.0,0.0002777777777777778,0.0,0.24785726779779604,0.0,0.0,0.0,192.168.1.0
6b08cb37fecf9d642d343a6c4a0ba334aabdee11a2f23c41796ac349cb03c75c,2026-07-30T13:00:00,1,0.009890156015154847,0.0,0.0,0.0,0.0002777777777777778,0.0,0.24785726779779604,0.0,0.0,0.0,192.168.1.0
6b08cb37fecf9d642d343a6c4a0ba334aabdee11a2f23c41796ac349cb03c75c,2026-07-30T13:00:00,1,-0.012026847248803586,0.0,0.0,0.0,0.0002777777777777778,0.0,0.24785726779779604,0.0,0.0,0.0,192.168.1.0
6b08cb37fecf9d642d343a6c4a0ba334aabdee11a2f23c41796ac349cb03c75c,2026-07-30T21:00:00,1,-0.0029810111057098176,0.0,0.0,0.0,0.0002777777777777778,0.0,0.15473727761688044,0.0,1.0,0.0,192.168.1.0
6b08cb37fecf9d642d343a6c4a0ba334aabdee11a2f23c41796ac349cb03c75c,2026-07-30T22:00:00,1,0.014413255190260543,0.0,0.0,0.0,0.0002777777777777778,0.0,0.15473727761688044,0.0,1.0,0.0,192.168.1.0
6b08cb37fecf9d642d343a6c4a0ba334aabdee11a2f23c41796ac349cb03c75c,2026-07-30T22:00:00,1,0.008657308534300502,0.0,0.0,0.0,0.0002777777777777778,0.0,0.15473727761688044,0.0,1.0,0.0,192.168.1.0
6b08cb37fecf9d642d343a6c4a0ba334aabdee11a2f23c41796ac349cb03c75c,2026-07-30T22:00:00,1,-0.005494982394834313,0.0,0.0,0.0,0.0002777777777777778,0.0,0.15473727761688044,0.0,1.0,0.0,192.168.1.0
9faba24bc99262aecf2652c06e7257b779360197de99155a36d4920d81e0d42e,2026-07-28T01:00:00,1,0.005645829700529469,0.0,0.0,0.0,0.0002777777777777778,0.0,0.11504245855236554,0.0,1.0,0.0,192.168.1.0
9faba24bc99262aecf2652c06e7257b779360197de99155a36d4920d81e0d42e,2026-07-28T02:00:00,1,-0.03332745752704193,0.0,0.0,0.0,0.0002777777777777778,0.0,0.11504245855236554,0.0,1.0,0.0,192.168.1.0
9faba24bc99262aecf2652c06e7257b779360197de99155a36d4920d81e0d42e,2026-07-28T02:00:00,1,-0.013520979820930507,0.0,0.0,0.0,0.0002777777777777778,0.0,0.11504245855236554,0.0,1.0,0.0,192.168.1.0
9faba24bc99262aecf2652c06e7257b779360197de99155a36d4920d81e0d42e,2026-07-28T02:00:00,1,-0.003311486316179372,0.0,0.0,0.0,0.0002777777777777778,0.0,0.11504245855236554,0.0,1.0,0.0,192.168.1.0
9faba24bc99262aecf2652c06e7257b779360197de99155a36d4920d81e0d42e,2026-07-28T09:00:00,1,-0.03785826386358205,0.0,0.0,0.0,0.0002777777777777778,0.0,0.17847472924187727,0.0,0.0,0.0,192.168.1.0
9faba24bc99262aecf2652c06e7257b779360197de99155a36d4920d81e0d42e,2026-07-28T09:00:00,1,0.005962376013215758,0.0,0.0,0.0,0.0002777777777777778,0.0,0.17847472924187727,0.0,0.0,0.0,192.168.1.0
9faba24bc99262aecf2652c06e7257b779360197de99155a36d4920d81e0d42e,2026-07-28T09:00:00,1,0.0062382537469513975,0.0,0.0,0.0,0.0002777777777777778,0.0,0.17847472924187727,0.0,0.0,0.0,192.168.1.0
9faba24bc99262aecf2652c06e7257b779360197de99155a36d4920d81e0d42e,2026-07-28T10:00:00,1,-0.012011454193580772,0.0,0.0,0.0,0.0002777777777777778,0.0,0.17847472924187727,0.0,0.0,0.0,192.168.1.0
9faba24bc99262aecf2652c06e7257b779360197de99155a36d4920d81e0d42e,2026-07-28T18:00:00,1,0.027066913951685603,0.0,0.0,0.0,0.0002777777777777778,0.0,1.3439490445859872,0.0,1.0,0.0,192.168.1.0
9faba24bc99262aecf2652c06e7257b779360197de99155a36d4920d81e0d42e,2026-07-28T18:00:00,1,-0.12031437815171454,0.0,0.0,0.0,0.0002777777777777778,0.0,1.3439490445859872,0.0,1.0,0.0,192.168.1.0
9faba24bc99262aecf2652c06e7257b779360197de99155a36d4920d81e0d42e,2026-07-28T19:00:00,1,-0.036659594686195736,0.0,0.0,0.0,0.0002777777777777778,0.0,1.3439490445859872,0.0,1.0,0.0,192.168.1.0
9faba24bc99262aecf2652c06e7257b779360197de99155a36d4920d81e0d42e,2026-07-28T19:00:00,1,-0.01018219379433829,0.0,0.0,0.0,0.0002777777777777778,0.0,1.3439490445859872,0.0,1.0,0.0,192.168.1.0
9faba24bc99262aecf2652c06e7257b779360197de99155a36d4920d81e0d42e,2026-07-29T20:00:00,1,-0.01636176403411987,0.0,0.0,0.0,0.0002777777777777778,0.0,0.5076517150395778,0.0,1.0,0.0,192.168.1.0
9faba24bc99262aecf2652c06e7257b779360197de99155a36d4920d81e0d42e,2026-07-29T20:00:00,2,-0.0842740417427275,0.0,0.0,0.0,0.0005555555555555556,0.0,0.2886565603763722,0.0,1.0,0.0,192.168.1.0
9faba24bc99262aecf2652c06e7257b779360197de99155a36d4920d81e0d42e,2026-07-29T20:00:00,2,-0.00513843168769518,0.0,0.0,0.0,0.0005555555555555556,0.0,0.2886565603763722,0.0,1.0,0.0,192.168.1.0
9faba24bc99262aecf2652c06e7257b779360197de99155a36d4920d81e0d42e,2026-07-29T21:00:00,2,-0.0012566986153068266,0.0,0.0,0.0,0.0005555555555555556,0.0,0.2886565603763722,0.0,1.0,0.0,192.168.1.0
9faba24bc99262aecf2652c06e7257b779360197de99155a36d4920d81e0d42e,2026-07-29T21:00:00,1,-0.019900140637383004,0.0,0.0,0.0,0.0002777777777777778,0.0,0.14493506493506494,0.0,1.0,0.0,192.168.1.0
9faba24bc99262aecf2652c06e7257b779360197de99155a36d4920d81e0d42e,2026-07-30T04:00:00,1,0.029554153758807166,0.0,0.0,0.0,0.0002777777777777778,0.0,1.1506591337099812,0.0,1.0,0.0,192.168.1.0
9faba24bc99262aecf2652c06e7257b779360197de99155a36d4920d81e0d42e,2026-07-30T04:00:00,1,-0.02075588141793857,0.0,0.0,0.0,0.0002777777777777778,0.0,1.1506591337099812,0.0,1.0,0.0,192.168.1.0
9faba24bc99262aecf2652c06e7257b779360197de99155a36d4920d81e0d42e,2026-07-30T04:00:00,1,0.006825270247646791,0.0,0.0,0.0,0.0002777777777777778,0.0,1.1506591337099812,0.0,1.0,0.0,192.168.1.0
9faba24bc99262aecf2652c06e7257b779360197de99155a36d4920d81e0d42e,2026-07-30T05:00:00,1,-0.031087808495103453,0.0,0.0,0.0,0.0002777777777777778,0.0,1.1506591337099812,0.0,1.0,0.0,192.168.1.0
9faba24bc99262aecf2652c06e7257b779360197de99155a36d4920d81e0d42e,2026-07-30T10:00:00,1,0.014971660119284962,0.0,0.0,0.0,0.0002777777777777778,0.0,0.08450704225352113,0.0,0.0,0.0,192.168.1.0
9faba24bc99262aecf2652c06e7257b779360197de99155a36d4920d81e0d42e,2026-07-30T10:00:00,1,0.011190178535431345,0.0,0.0,0.0,0.0002777777777777778,0.0,0.08450704225352113,0.0,0.0,0.0,192.168.1.0
9faba24bc99262aecf2652c06e7257b779360197de99155a36d4920d81e0d42e,2026-07-30T10:00:00,1,-0.0009154664524515703,0.0,0.0,0.0,0.0002777777777777778,0.0,0.08450704225352113,0.0,0.0,0.0,192.168.1.0
9faba24bc99262aecf2652c06e7257b779360197de99155a36d4920d81e0d42e,2026-07-30T10:00:00,1,-0.01887907431923862,0.0,0.0,0.0,0.0002777777777777778,0.0,0.08450704225352113,0.0,0.0,0.0,192.168.1.0
dad44380dac8d0210373df5c0d27b49475379187fca8da91c8e27c6cc64aac72,2026-07-28T03:00:00,2,0.030821781541504546,2.0,1240.7428871014436,0.0,0.0,0.0,0.0,0.0,1.0,0.0,
dad44380dac8d0210373df5c0d27b49475379187fca8da91c8e27c6cc64aac72,2026-07-28T03:00:00,2,-0.007976421722393833,2.0,1240.7428871014436,0.0,0.0,0.0,0.0,0.0,1.0,0.0,
dad44380dac8d0210373df5c0d27b49475379187fca8da91c8e27c6cc64aac72,2026-07-28T03:00:00,2,0.009971416020121103,2.0,1240.7428871014436,0.0,0.0,0.0,0.0,0.0,1.0,0.0,
dad44380dac8d0210373df5c0d27b49475379187fca8da91c8e27c6cc64aac72,2026-07-28T03:00:00,2,0.01969562811225481,2.0,1240.7428871014436,0.0,0.0,0.0,0.0,0.0,1.0,0.0,
dad44380dac8d0210373df5c0d27b49475379187fca8da91c8e27c6cc64aac72,2026-07-28T04:00:00,1,0.018405701708363243,1.0,0.0,0.0,0.0,0.0,0.0,0.0,1.0,0.0,
dad44380dac8d0210373df5c0d27b49475379187fca8da91c8e27c6cc64aac72,2026-07-28T04:00:00,1,0.007917432542568817,1.0,0.0,0.0,0.0,0.0,0.0,0.0,1.0,0.0,
dad44380dac8d0210373df5c0d27b49475379187fca8da91c8e27c6cc64aac72,2026-07-28T05:00:00,1,-0.0032144024187864347,1.0,0.0,0.0,0.0,0.0,0.0,0.0,1.0,0.0,
dad44380dac8d0210373df5c0d27b49475379187fca8da91c8e27c6cc64aac72,2026-07-28T05:00:00,1,0.02164666531552282,1.0,0.0,0.0,0.0,0.0,0.0,0.0,1.0,0.0,
dad44380dac8d0210373df5c0d27b49475379187fca8da91c8e27c6cc64aac72,2026-07-28T08:00:00,1,-0.03640029195926425,1.0,0.0,0.0,0.0,0.0,0.0,0.0,0.0,0.0,
dad44380dac8d0210373df5c0d27b49475379187fca8da91c8e27c6cc64aac72,2026-07-28T08:00:00,1,0.015910329528926508,1.0,0.0,0.0,0.0,0.0,0.0,0.0,0.0,0.0,
dad44380dac8d0210373df5c0d27b49475379187fca8da91c8e27c6cc64aac72,2026-07-28T08:00:00,1,0.014916969546330443,1.0,0.0,0.0,0.0,0.0,0.0,0.0,0.0,0.0,
dad44380dac8d0210373df5c0d27b49475379187fca8da91c8e27c6cc64aac72,2026-07-28T09:00:00,1,-0.0007371640820114607,1.0,0.0,0.0,0.0,0.0,0.0,0.0,0.0,0.0,
dad44380dac8d0210373df5c0d27b49475379187fca8da91c8e27c6cc64aac72,2026-07-28T10:00:00,1,-0.009967753849477144,1.0,0.0,0.0,0.0,0.0,0.0,0.0,0.0,0.0,
dad44380dac8d0210373df5c0d27b49475379187fca8da91c8e27c6cc64aac72,2026-07-28T10:00:00,1,0.008797685535959353,1.0,0.0,0.0,0.0,0.0,0.0,0.0,0.0,0.0,
dad44380dac8d0210373df5c0d27b49475379187fca8da91c8e27c6cc64aac72,2026-07-28T11:00:00,1,0.005641898575226563,1.0,0.0,0.0,0.0,0.0,0.0,0.0,0.0,0.0,
dad44380dac8d0210373df5c0d27b49475379187fca8da91c8e27c6cc64aac72,2026-07-28T11:00:00,1,0.008425960919881782,1.0,0.0,0.0,0.0,0.0,0.0,0.0,0.0,0.0,
dad44380dac8d0210373df5c0d27b49475379187fca8da91c8e27c6cc64aac72,2026-07-28T11:00:00,1,-0.018104512901639894,1.0,0.0,0.0,0.0,0.0,0.0,0.0,0.0,0.0,
dad44380dac8d0210373df5c0d27b49475379187fca8da91c8e27c6cc64aac72,2026-07-28T12:00:00,1,-0.008342466171229159,1.0,0.0,0.0,0.0,0.0,0.0,0.0,0.0,0.0,
dad44380dac8d0210373df5c0d27b49475379187fca8da91c8e27c6cc64aac72,2026-07-28T12:00:00,2,0.010198915642043145,1.0,0.0,0.0,0.0,0.0,0.0,0.0,0.0,0.0,
dad44380dac8d0210373df5c0d27b49475379187fca8da91c8e27c6cc64aac72,2026-07-28T12:00:00,2,-0.023285330827746312,1.0,0.0,0.0,0.0,0.0,0.0,0.0,0.0,0.0,
dad44380dac8d0210373df5c0d27b49475379187fca8da91c8e27c6cc64aac72,2026-07-28T12:00:00,1,-0.010779127843920986,0.0,0.0,0.0,0.0,0.0,0.0,0.0,0.0,0.0,
dad44380dac8d0210373df5c0d27b49475379187fca8da91c8e27c6cc64aac72,2026-07-28T13:00:00,2,-0.00677836793674464,1.0,0.0,0.0,0.0,0.0,0.0,0.0,0.0,0.0,
dad44380dac8d0210373df5c0d27b49475379187fca8da91c8e27c6cc64aac72,2026-07-28T13:00:00,1,-0.00963530947955924,1.0,0.0,0.0,0.0,0.0,0.0,0.0,0.0,0.0,
dad44380dac8d0210373df5c0d27b49475379187fca8da91c8e27c6cc64aac72,2026-07-28T13:00:00,2,-0.01210143232768334,1.0,0.0,0.0,0.0,3.337175341123077,0.0,0.0,0.0,0.0,
dad44380dac8d0210373df5c0d27b49475379187fca8da91c8e27c6cc64aac72,2026-07-28T13:00:00,2,0.0034241208258305664,1.0,0.0,0.0,0.0,3.337175341123077,0.0,0.0,0.0,0.0,
dad44380dac8d0210373df5c0d27b49475379187fca8da91c8e27c6cc64aac72,2026-07-28T14:00:00,2,-0.02369451669984342,1.0,0.0,0.0,0.0,3.337175341123077,0.0,0.0,0.0,0.0,
dad44380dac8d0210373df5c0d27b49475379187fca8da91c8e27c6cc64aac72,2026-07-28T14:00:00,2,0.0102816183037367,1.0,0.0,0.0,0.0,3.337175341123077,0.0,0.0,0.0,0.0,
dad44380dac8d0210373df5c0d27b49475379187fca8da91c8e27c6cc64aac72,2026-07-28T14:00:00,2,-0.03708475945913034,2.0,37.95786656884504,0.0,0.0,0.0,0.0,0.0,0.0,0.0,
dad44380dac8d0210373df5c0d27b49475379187fca8da91c8e27c6cc64aac72,2026-07-28T14:00:00,2,0.02339505968398467,2.0,37.95786656884504,0.0,0.0,0.0,0.0,0.0,0.0,0.0,
dad44380dac8d0210373df5c0d27b49475379187fca8da91c8e27c6cc64aac72,2026-07-28T15:00:00,1,0.04768315053110616,1.0,0.0,0.0,0.0,0.0,0.0,0.0,0.0,0.0,
dad44380dac8d0210373df5c0d27b49475379187fca8da91c8e27c6cc64aac72,2026-07-28T15:00:00,1,0.011897368607112086,1.0,0.0,0.0,0.0,0.0,0.0,0.0,0.0,0.0,
dad44380dac8d0210373df5c0d27b49475379187fca8da91c8e27c6cc64aac72,2026-07-28T16:00:00,1,0.0004545035186061875,0.0,0.0,0.0,0.0,0.0,0.0,0.0,1.0,0.0,
dad44380dac8d0210373df5c0d27b49475379187fca8da91c8e27c6cc64aac72,2026-07-28T16:00:00,1,0.004587710354838198,0.0,0.0,0.0,0.0,0.0,0.0,0.0,1.0,0.0,
dad44380dac8d0210373df5c0d27b49475379187fca8da91c8e27c6cc64aac72,2026-07-28T17:00:00,1,0.03199359121695502,0.0,0.0,0.0,0.0,0.0,0.0,0.0,1.0,0.0,
dad44380dac8d0210373df5c0d27b49475379187fca8da91c8e27c6cc64aac72,2026-07-28T17:00:00,2,0.9606538062022245,0.0,0.0,0.0,0.0,0.0,0.0,0.0,1.0,0.0,
dad44380dac8d0210373df5c0d27b49475379187fca8da91c8e27c6cc64aac72,2026-07-28T17:00:00,1,0.9916635808759743,0.0,0.0,0.0,0.0,0.0,0.0,0.0,1.0,0.0,
dad44380dac8d0210373df5c0d27b49475379187fca8da91c8e27c6cc64aac72,2026-07-28T17:00:00,1,1.0017250302410534,0.0,0.0,0.0,0.0,0.0,0.0,0.0,1.0,0.0,
dad44380dac8d0210373df5c0d27b49475379187fca8da91c8e27c6cc64aac72,2026-07-28T18:00:00,1,1.0327938209204814,0.0,0.0,0.0,0.0,0.0,0.0,0.0,1.0,0.0,
dad44380dac8d0210373df5c0d27b49475379187fca8da91c8e27c6cc64aac72,2026-07-28T22:00:00,1,-0.004748989472570957,0.0,0.0,0.0,0.0,3.039148671903071,0.0,0.0,1.0,0.0,
dad44380dac8d0210373df5c0d27b49475379187fca8da91c8e27c6cc64aac72,2026-07-28T23:00:00,1,-0.05586316506548857,0.0,0.0,0.0,0.0,3.039148671903071,0.0,0.0,1.0,0.0,
dad44380dac8d0210373df5c0d27b49475379187fca8da91c8e27c6cc64aac72,2026-07-28T23:00:00,21,1.024535809305184,0.0,0.0,0.0,0.0,3.039148671903071,0.0,0.0,1.0,90.25,
dad44380dac8d0210373df5c0d27b49475379187fca8da91c8e27c6cc64aac72,2026-07-28T23:00:00,21,0.9754936971557356,0.0,0.0,0.0,0.0,3.039148671903071,0.0,0.0,1.0,90.25,
dad44380dac8d0210373df5c0d27b49475379187fca8da91c8e27c6cc64aac72,2026-07-28T23:00:00,20,0.9385173284182212,0.0,0.0,0.0,0.0,0.0,0.0,0.0,1.0,0.0,
dad44380dac8d0210373df5c0d27b49475379187fca8da91c8e27c6cc64aac72,2026-07-29T00:00:00,20,0.9982100853515525,0.0,0.0,0.0,0.0,0.0,0.0,0.0,1.0,0.0,
dad44380dac8d0210373df5c0d27b49475379187fca8da91c8e27c6cc64aac72,2026-07-29T01:00:00,1,0.018066171190228245,1.0,0.0,0.0,0.0,0.0,0.0,0.0,1.0,0.0,
dad44380dac8d0210373df5c0d27b49475379187fca8da91c8e27c6cc64aac72,2026-07-29T01:00:00,2,0.055506585243042805,2.0,104.24055781971494,0.0,0.0,0.0,0.0,0.0,1.0,0.0,
dad44380dac8d0210373df5c0d27b49475379187fca8da91c8e27c6cc64aac72,2026-07-29T02:00:00,2,-0.019609747392271993,2.0,104.24055781971494,0.0,0.0,0.0,0.0,0.0,1.0,0.0,
dad44380dac8d0210373df5c0d27b49475379187fca8da91c8e27c6cc64aac72,2026-07-29T02:00:00,2,-0.0292674756134649,2.0,104.24055781971494,0.0,0.0,0.0,0.0,0.0,1.0,0.0,
dad44380dac8d0210373df5c0d27b49475379187fca8da91c8e27c6cc64aac72,2026-07-29T02:00:00,1,0.0014907914056585347,1.0,0.0,0.0,0.0,0.0,0.0,0.0,1.0,0.0,
dad44380dac8d0210373df5c0d27b49475379187fca8da91c8e27c6cc64aac72,2026-07-29T03:00:00,1,0.023736796175493766,1.0,0.0,0.0,0.0,0.0,0.0,0.0,1.0,0.0,
dad44380dac8d0210373df5c0d27b49475379187fca8da91c8e27c6cc64aac72,2026-07-29T04:00:00,1,0.03487849192364738,1.0,0.0,0.0,0.0,0.0,0.0,0.0,1.0,0.0,
dad44380dac8d0210373df5c0d27b49475379187fca8da91c8e27c6cc64aac72,2026-07-29T04:00:00,1,-0.0021005917914913093,1.0,0.0,0.0,0.0,0.0,0.0,0.0,1.0,0.0,
dad44380dac8d0210373df5c0d27b49475379187fca8da91c8e27c6cc64aac72,2026-07-29T04:00:00,1,0.03925857485599854,1.0,0.0,0.0,0.0,0.0,0.0,0.0,1.0,0.0,
dad44380dac8d0210373df5c0d27b49475379187fca8da91c8e27c6cc64aac72,2026-07-29T07:00:00,1,-0.01649438498842079,0.0,0.0,0.0,0.0,3.039148671903071,0.0,0.0,1.0,0.0,
dad44380dac8d0210373df5c0d27b49475379187fca8da91c8e27c6cc64aac72,2026-07-29T07:00:00,2,0.9689126304880825,0.0,0.0,0.0,0.0,3.039148671903071,0.0,0.0,1.0,0.0,
dad44380dac8d0210373df5c0d27b49475379187fca8da91c8e27c6cc64aac72,2026-07-29T07:00:00,2,1.0031861162610207,0.0,0.0,0.0,0.0,3.039148671903071,0.0,0.0,1.0,0.0,
dad44380dac8d0210373df5c0d27b49475379187fca8da91c8e27c6cc64aac72,2026-07-29T07:00:00,2,0.9736621426053886,0.0,0.0,0.0,0.0,3.039148671903071,0.0,0.0,1.0,0.0,
dad44380dac8d0210373df5c0d27b49475379187fca8da91c8e27c6cc64aac72,2026-07-29T08:00:00,1,0.998655010820705,0.0,0.0,0.0,0.0,0.0,0.0,0.0,1.0,0.0,
dad44380dac8d0210373df5c0d27b49475379187fca8da91c8e27c6cc64aac72,2026-07-29T09:00:00,1,-0.007015698835342334,0.0,0.0,0.0,0.0,3.9701755214643457,0.0,0.0,0.0,0.0,
dad44380dac8d0210373df5c0d27b49475379187fca8da91c8e27c6cc64aac72,2026-07-29T09:00:00,1,-0.016606876116393405,0.0,0.0,0.0,0.0,3.9701755214643457,0.0,0.0,0.0,0.0,
dad44380dac8d0210373df5c0d27b49475379187fca8da91c8e27c6cc64aac72,2026-07-29T10:00:00,1,0.009651436264583282,0.0,0.0,0.0,0.0,3.9701755214643457,0.0,0.0,0.0,0.0,
dad44380dac8d0210373df5c0d27b49475379187fca8da91c8e27c6cc64aac72,2026-07-29T10:00:00,1,0.06386606086747944,0.0,0.0,0.0,0.0,3.9701755214643457,0.0,0.0,0.0,0.0,
dad44380dac8d0210373df5c0d27b49475379187fca8da91c8e27c6cc64aac72,2026-07-29T12:00:00,1,0.002920735711214565,0.0,0.0,0.0,0.0,0.0,0.0,0.0,0.0,0.0,
dad44380dac8d0210373df5c0d27b49475379187fca8da91c8e27c6cc64aac72,2026-07-29T12:00:00,1,-0.0052273360208745035,0.0,0.0,0.0,0.0,0.0,0.0,0.0,0.0,0.0,
dad44380dac8d0210373df5c0d27b49475379187fca8da91c8e27c6cc64aac72,2026-07-29T13:00:00,1,0.021452275466475292,0.0,0.0,0.0,0.0,0.0,0.0,0.0,0.0,0.0,
dad44380dac8d0210373df5c0d27b49475379187fca8da91c8e27c6cc64aac72,2026-07-29T13:00:00,1,-0.0066251260052065525,0.0,0.0,0.0,0.0,0.0,0.0,0.0,0.0,0.0,
dad44380dac8d0210373df5c0d27b49475379187fca8da91c8e27c6cc64aac72,2026-07-29T13:00:00,1,0.008542788184849139,0.0,0.0,0.0,0.0,0.0,0.0,0.0,0.0,0.0,
dad44380dac8d0210373df5c0d27b49475379187fca8da91c8e27c6cc64aac72,2026-07-29T13:00:00,1,0.0465573579096067,0.0,0.0,0.0,0.0,0.0,0.0,0.0,0.0,0.0,
dad44380dac8d0210373df5c0d27b49475379187fca8da91c8e27c6cc64aac72,2026-07-29T14:00:00,1,-0.011567067171694999,0.0,0.0,0.0,0.0,0.0,0.0,0.0,0.0,0.0,
dad44380dac8d0210373df5c0d27b49475379187fca8da91c8e27c6cc64aac72,2026-07-29T14:00:00,1,-0.011483952422101033,0.0,0.0,0.0,0.0,0.0,0.0,0.0,0.0,0.0,
dad44380dac8d0210373df5c0d27b49475379187fca8da91c8e27c6cc64aac72,2026-07-29T19:00:00,1,0.014475513296865939,1.0,0.0,0.0,0.0,0.0,0.0,0.0,1.0,0.0,
dad44380dac8d0210373df5c0d27b49475379187fca8da91c8e27c6cc64aac72,2026-07-29T19:00:00,1,-0.0035008200978696668,1.0,0.0,0.0,0.0,0.0,0.0,0.0,1.0,0.0,
dad44380dac8d0210373df5c0d27b49475379187fca8da91c8e27c6cc64aac72,2026-07-29T19:00:00,1,-0.03439521914263273,1.0,0.0,0.0,0.0,0.0,0.0,0.0,1.0,0.0,
dad44380dac8d0210373df5c0d27b49475379187fca8da91c8e27c6cc64aac72,2026-07-29T19:00:00,1,-0.005514225931028629,1.0,0.0,0.0,0.0,0.0,0.0,0.0,1.0,0.0,
dad44380dac8d0210373df5c0d27b49475379187fca8da91c8e27c6cc64aac72,2026-07-29T20:00:00,1,0.003001825044362729,0.0,0.0,0.0,0.0,0.0,0.0,0.0,1.0,0.0,
dad44380dac8d0210373df5c0d27b49475379187fca8da91c8e27c6cc64aac72,2026-07-29T21:00:00,1,0.01433513515561763,0.0,0.0,0.0,0.0,0.0,0.0,0.0,1.0,0.0,
dad44380dac8d0210373df5c0d27b49475379187fca8da91c8e27c6cc64aac72,2026-07-29T21:00:00,2,0.0010527955834948378,1.0,0.0,0.0,0.0,0.0,0.0,0.0,1.0,0.0,
dad44380dac8d0210373df5c0d27b49475379187fca8da91c8e27c6cc64aac72,2026-07-29T21:00:00,2,-0.0163692689653546,1.0,0.0,0.0,0.0,0.0,0.0,0.0,1.0,0.0,
dad44380dac8d0210373df5c0d27b49475379187fca8da91c8e27c6cc64aac72,2026-07-29T21:00:00,1,-0.042222495662404665,1.0,0.0,0.0,0.0,0.0,0.0,0.0,1.0,0.0,
dad44380dac8d0210373df5c0d27b49475379187fca8da91c8e27c6cc64aac72,2026-07-29T22:00:00,2,0.014183873108345181,1.0,0.0,0.0,0.0,3.337175341123077,0.0,0.0,1.0,0.0,
dad44380dac8d0210373df5c0d27b49475379187fca8da91c8e27c6cc64aac72,2026-07-29T22:00:00,1,-0.012564902366653908,0.0,0.0,0.0,0.0,3.337175341123077,0.0,0.0,1.0,0.0,
dad44380dac8d0210373df5c0d27b49475379187fca8da91c8e27c6cc64aac72,2026-07-29T22:00:00,2,-0.008533847779143908,0.0,0.0,0.0,0.0,3.337175341123077,0.0,0.0,1.0,0.0,
dad44380dac8d0210373df5c0d27b49475379187fca8da91c8e27c6cc64aac72,2026-07-29T22:00:00,2,-0.0004952410506917686,0.0,0.0,0.0,0.0,3.337175341123077,0.0,0.0,1.0,0.0,
dad44380dac8d0210373df5c0d27b49475379187fca8da91c8e27c6cc64aac72,2026-07-29T23:00:00,3,0.4730871549811427,1.0,7173.5863737619675,0.0,0.0,3.337175341123077,0.0,0.0,1.0,0.25,
dad44380dac8d0210373df5c0d27b49475379187fca8da91c8e27c6cc64aac72,2026-07-29T23:00:00,3,0.526696118993317,1.0,7173.5863737619675,0.0,0.0,3.337175341123077,0.0,0.0,1.0,0.25,
dad44380dac8d0210373df5c0d27b49475379187fca8da91c8e27c6cc64aac72,2026-07-29T23:00:00,2,0.5065250448598134,1.0,7173.5863737619675,0.0,0.0,0.0,0.0,0.0,1.0,0.0,
dad44380dac8d0210373df5c0d27b49475379187fca8da91c8e27c6cc64aac72,2026-07-29T23:00:00,3,0.36319799079377335,2.0,7173.5863737619675,0.0,0.0,0.0,0.0,0.0,1.0,0.25,
dad44380dac8d0210373df5c0d27b49475379187fca8da91c8e27c6cc64aac72,2026-07-30T00:00:00,1,-0.025008193473916595,1.0,0.0,0.0,0.0,0.0,0.0,0.0,1.0,0.0,
dad44380dac8d0210373df5c0d27b49475379187fca8da91c8e27c6cc64aac72,2026-07-30T00:00:00,1,0.007064933677306629,1.0,0.0,0.0,0.0,0.0,0.0,0.0,1.0,0.0,
dad44380dac8d0210373df5c0d27b49475379187fca8da91c8e27c6cc64aac72,2026-07-30T00:00:00,1,0.021888431380000035,1.0,0.0,0.0,0.0,0.0,0.0,0.0,1.0,0.0,
dad44380dac8d0210373df5c0d27b49475379187fca8da91c8e27c6cc64aac72,2026-07-30T02:00:00,1,0.026493813294035738,1.0,0.0,0.0,0.0,0.0,0.0,0.0,1.0,0.0,
dad44380dac8d0210373df5c0d27b49475379187fca8da91c8e27c6cc64aac72,2026-07-30T02:00:00,1,-0.004571455270195145,1.0,0.0,0.0,0.0,0.0,0.0,0.0,1.0,0.0,
dad44380dac8d0210373df5c0d27b49475379187fca8da91c8e27c6cc64aac72,2026-07-30T02:00:00,1,-0.045377837350857146,1.0,0.0,0.0,0.0,0.0,0.0,0.0,1.0,0.0,
dad44380dac8d0210373df5c0d27b49475379187fca8da91c8e27c6cc64aac72,2026-07-30T02:00:00,1,-0.008819604942649995,1.0,0.0,0.0,0.0,0.0,0.0,0.0,1.0,0.0,
dad44380dac8d0210373df5c0d27b49475379187fca8da91c8e27c6cc64aac72,2026-07-30T03:00:00,1,0.0033707047230565387,0.0,0.0,0.0,0.0,4.136842188131013,0.0,0.0,1.0,0.0,
dad44380dac8d0210373df5c0d27b49475379187fca8da91c8e27c6cc64aac72,2026-07-30T03:00:00,1,-0.0021860501808676895,0.0,0.0,0.0,0.0,4.136842188131013,0.0,0.0,1.0,0.0,
dad44380dac8d0210373df5c0d27b49475379187fca8da91c8e27c6cc64aac72,2026-07-30T03:00:00,1,0.04474453712773349,0.0,0.0,0.0,0.0,4.136842188131013,0.0,0.0,1.0,0.0,
dad44380dac8d0210373df5c0d27b49475379187fca8da91c8e27c6cc64aac72,2026-07-30T03:00:00,1,0.00042729041990175495,0.0,0.0,0.0,0.0,4.136842188131013,0.0,0.0,1.0,0.0,
dad44380dac8d0210373df5c0d27b49475379187fca8da91c8e27c6cc64aac72,2026-07-30T04:00:00,1,0.0946602660350453,1.0,0.0,0.0,0.0,0.0,0.0,0.0,1.0,0.0,
dad44380dac8d0210373df5c0d27b49475379187fca8da91c8e27c6cc64aac72,2026-07-30T04:00:00,1,0.0260575530840994,1.0,0.0,0.0,0.0,0.0,0.0,0.0,1.0,0.0,
dad44380dac8d0210373df5c0d27b49475379187fca8da91c8e27c6cc64aac72,2026-07-30T04:00:00,2,0.0022628923360368466,2.0,67.72610516323283,0.0,0.0,0.0,0.0,0.0,1.0,0.0,
dad44380dac8d0210373df5c0d27b49475379187fca8da91c8e27c6cc64aac72,2026-07-30T05:00:00,2,-0.0038430265915064144,2.0,67.72610516323283,0.0,0.0,0.0,0.0,0.0,1.0,0.0,
dad44380dac8d0210373df5c0d27b49475379187fca8da91c8e27c6cc64aac72,2026-07-30T05:00:00,1,0.07283265413475458,1.0,0.0,0.0,0.0,0.0,0.0,0.0,1.0,0.0,
dad44380dac8d0210373df5c0d27b49475379187fca8da91c8e27c6cc64aac72,2026-07-30T05:00:00,1,-0.02022173285799663,1.0,0.0,0.0,0.0,0.0,0.0,0.0,1.0,0.0,
dad44380dac8d0210373df5c0d27b49475379187fca8da91c8e27c6cc64aac72,2026-07-30T08:00:00,1,0.005998931469209633,1.0,0.0,0.0,0.0,0.0,0.0,0.0,0.0,0.0,
dad44380dac8d0210373df5c0d27b49475379187fca8da91c8e27c6cc64aac72,2026-07-30T08:00:00,2,-0.013870626524504211,1.0,0.0,0.0,0.0,4.136842188131012,0.0,0.0,0.0,0.0,
dad44380dac8d0210373df5c0d27b49475379187fca8da91c8e27c6cc64aac72,2026-07-30T08:00:00,2,-0.08719826287584174,1.0,0.0,0.0,0.0,4.136842188131012,0.0,0.0,0.0,0.0,
dad44380dac8d0210373df5c0d27b49475379187fca8da91c8e27c6cc64aac72,2026-07-30T09:00:00,2,-0.028468181729662683,1.0,0.0,0.0,0.0,4.136842188131012,0.0,0.0,0.0,0.0,
dad44380dac8d0210373df5c0d27b49475379187fca8da91c8e27c6cc64aac72,2026-07-30T09:00:00,1,-0.060934287072511,0.0,0.0,0.0,0.0,4.136842188131012,0.0,0.0,0.0,0.0,
dad44380dac8d0210373df5c0d27b49475379187fca8da91c8e27c6cc64aac72,2026-07-30T09:00:00,1,0.018159593971077814,0.0,0.0,0.0,0.0,4.1053885422075345,0.0,0.0,0.0,0.0,
dad44380dac8d0210373df5c0d27b49475379187fca8da91c8e27c6cc64aac72,2026-07-30T09:00:00,1,-0.05377593601095815,0.0,0.0,0.0,0.0,4.1053885422075345,0.0,0.0,0.0,0.0,
dad44380dac8d0210373df5c0d27b49475379187fca8da91c8e27c6cc64aac72,2026-07-30T10:00:00,1,0.031364137404695416,0.0,0.0,0.0,0.0,4.1053885422075345,0.0,0.0,0.0,0.0,
dad44380dac8d0210373df5c0d27b49475379187fca8da91c8e27c6cc64aac72,2026-07-30T10:00:00,1,0.015316017113017364,0.0,0.0,0.0,0.0,4.1053885422075345,0.0,0.0,0.0,0.0,
dad44380dac8d0210373df5c0d27b49475379187fca8da91c8e27c6cc64aac72,2026-07-30T13:00:00,1,0.021361512951535034,0.0,0.0,0.0,0.0,0.0,0.0,0.0,0.0,0.0,
dad44380dac8d0210373df5c0d27b49475379187fca8da91c8e27c6cc64aac72,2026-07-30T13:00:00,1,-0.020664087638841883,0.0,0.0,0.0,0.0,0.0,0.0,0.0,0.0,0.0,
dad44380dac8d0210373df5c0d27b49475379187fca8da91c8e27c6cc64aac72,2026-07-30T13:00:00,1,0.0013887498413048935,0.0,0.0,0.0,0.0,0.0,0.0,0.0,0.0,0.0,
dad44380dac8d0210373df5c0d27b49475379187fca8da91c8e27c6cc64aac72,2026-07-30T13:00:00,2,0.9821817537386313,0.0,0.0,0.0,0.0,0.0,0.0,0.0,0.0,0.0,
dad44380dac8d0210373df5c0d27b49475379187fca8da91c8e27c6cc64aac72,2026-07-30T14:00:00,1,0.9652130061369772,0.0,0.0,0.0,0.0,0.0,0.0,0.0,0.0,0.0,
dad44380dac8d0210373df5c0d27b49475379187fca8da91c8e27c6cc64aac72,2026-07-30T14:00:00,1,0.9498748349949965,0.0,0.0,0.0,0.0,0.0,0.0,0.0,0.0,0.0,
dad44380dac8d0210373df5c0d27b49475379187fca8da91c8e27c6cc64aac72,2026-07-30T14:00:00,1,0.9763148978098217,0.0,0.0,0.0,0.0,0.0,0.0,0.0,0.0,0.0,
dad44380dac8d0210373df5c0d27b49475379187fca8da91c8e27c6cc64aac72,2026-07-30T19:00:00,1,-0.006240499321215734,1.0,0.0,0.0,0.0,0.0,0.0,0.0,1.0,0.0,
dad44380dac8d0210373df5c0d27b49475379187fca8da91c8e27c6cc64aac72,2026-07-30T19:00:00,1,-0.005316638408078683,1.0,0.0,0.0,0.0,0.0,0.0,0.0,1.0,0.0,
dad44380dac8d0210373df5c0d27b49475379187fca8da91c8e27c6cc64aac72,2026-07-30T20:00:00,1,0.009238923982475623,1.0,0.0,0.0,0.0,0.0,0.0,0.0,1.0,0.0,
dad44380dac8d0210373df5c0d27b49475379187fca8da91c8e27c6cc64aac72,2026-07-30T20:00:00,1,-0.01066123073809402,1.0,0.0,0.0,0.0,0.0,0.0,0.0,1.0,0.0,
80738fa19e4f1828e8fd13bc365ccf3e01ff2ad73c61a6c7fa5d88b2c8dc74da,2026-07-28T03:00:00,1,0.021920617044638532,0.0,0.0,0.0,0.0002777777777777778,0.0,0.06826654240447344,0.0,1.0,0.0,192.168.1.0
80738fa19e4f1828e8fd13bc365ccf3e01ff2ad73c61a6c7fa5d88b2c8dc74da,2026-07-28T03:00:00,1,0.007006283208465869,0.0,0.0,0.0,0.0002777777777777778,0.0,0.06826654240447344,0.0,1.0,0.0,192.168.1.0
80738fa19e4f1828e8fd13bc365ccf3e01ff2ad73c61a6c7fa5d88b2c8dc74da,2026-07-28T03:00:00,1,0.00439089384850849,0.0,0.0,0.0,0.0002777777777777778,0.0,0.06826654240447344,0.0,1.0,0.0,192.168.1.0
80738fa19e4f1828e8fd13bc365ccf3e01ff2ad73c61a6c7fa5d88b2c8dc74da,2026-07-28T04:00:00,1,0.013297943901600362,0.0,0.0,0.0,0.0002777777777777778,0.0,0.06826654240447344,0.0,1.0,0.0,192.168.1.0
80738fa19e4f1828e8fd13bc365ccf3e01ff2ad73c61a6c7fa5d88b2c8dc74da,2026-07-28T06:00:00,1,-0.0010806478050462492,0.0,0.0,0.0,0.0002777777777777778,0.0,0.020339406039430994,0.0,1.0,0.0,192.168.1.0
80738fa19e4f1828e8fd13bc365ccf3e01ff2ad73c61a6c7fa5d88b2c8dc74da,2026-07-28T06:00:00,1,-0.005800604083697958,0.0,0.0,0.0,0.0002777777777777778,0.0,0.020339406039430994,0.0,1.0,0.0,192.168.1.0
80738fa19e4f1828e8fd13bc365ccf3e01ff2ad73c61a6c7fa5d88b2c8dc74da,2026-07-28T06:00:00,1,0.028703351343594842,0.0,0.0,0.0,0.0002777777777777778,0.0,0.020339406039430994,0.0,1.0,0.0,192.168.1.0
80738fa19e4f1828e8fd13bc365ccf3e01ff2ad73c61a6c7fa5d88b2c8dc74da,2026-07-28T07:00:00,1,-0.013655927407444757,0.0,0.0,0.0,0.0002777777777777778,0.0,0.020339406039430994,0.0,1.0,0.0,192.168.1.0
80738fa19e4f1828e8fd13bc365ccf3e01ff2ad73c61a6c7fa5d88b2c8dc74da,2026-07-28T13:00:00,1,0.008048273188636716,0.0,0.0,0.0,0.0002777777777777778,0.0,0.1382525306339904,0.0,0.0,0.0,192.168.1.0
80738fa19e4f1828e8fd13bc365ccf3e01ff2ad73c61a6c7fa5d88b2c8dc74da,2026-07-28T13:00:00,1,0.011457986263824408,0.0,0.0,0.0,0.0002777777777777778,0.0,0.1382525306339904,0.0,0.0,0.0,192.168.1.0
80738fa19e4f1828e8fd13bc365ccf3e01ff2ad73c61a6c7fa5d88b2c8dc74da,2026-07-28T13:00:00,1,5.51567087474958e-06,0.0,0.0,0.0,0.0002777777777777778,0.0,0.1382525306339904,0.0,0.0,0.0,192.168.1.0
80738fa19e4f1828e8fd13bc365ccf3e01ff2ad73c61a6c7fa5d88b2c8dc74da,2026-07-28T13:00:00,1,0.014634067260853492,0.0,0.0,0.0,0.0002777777777777778,0.0,0.1382525306339904,0.0,0.0,0.0,192.168.1.0
80738fa19e4f1828e8fd13bc365ccf3e01ff2ad73c61a6c7fa5d88b2c8dc74da,2026-07-29T09:00:00,1,-0.01175342925242046,0.0,0.0,0.0,0.0002777777777777778,0.0,0.841897233201581,0.0,0.0,0.0,192.168.1.0
80738fa19e4f1828e8fd13bc365ccf3e01ff2ad73c61a6c7fa5d88b2c8dc74da,2026-07-29T09:00:00,1,-0.01080169355338076,0.0,0.0,0.0,0.0002777777777777778,0.0,0.841897233201581,0.0,0.0,0.0,192.168.1.0
80738fa19e4f1828e8fd13bc365ccf3e01ff2ad73c61a6c7fa5d88b2c8dc74da,2026-07-29T10:00:00,1,-0.04146234982618307,0.0,0.0,0.0,0.0002777777777777778,0.0,0.841897233201581,0.0,0.0,0.0,192.168.1.0
80738fa19e4f1828e8fd13bc365ccf3e01ff2ad73c61a6c7fa5d88b2c8dc74da,2026-07-29T10:00:00,1,-0.06780659177990687,0.0,0.0,0.0,0.0002777777777777778,0.0,0.841897233201581,0.0,0.0,0.0,192.168.1.0
80738fa19e4f1828e8fd13bc365ccf3e01ff2ad73c61a6c7fa5d88b2c8dc74da,2026-07-30T09:00:00,1,-0.006461462490212723,0.0,0.0,0.0,0.0002777777777777778,0.0,0.3075780089153046,0.0,0.0,0.0,192.168.1.0
80738fa19e4f1828e8fd13bc365ccf3e01ff2ad73c61a6c7fa5d88b2c8dc74da,2026-07-30T10:00:00,1,-0.00040017085279558365,0.0,0.0,0.0,0.0002777777777777778,0.0,0.3075780089153046,0.0,0.0,0.0,192.168.1.0
80738fa19e4f1828e8fd13bc365ccf3e01ff2ad73c61a6c7fa5d88b2c8dc74da,2026-07-30T10:00:00,1,0.006194331123706197,0.0,0.0,0.0,0.0002777777777777778,0.0,0.3075780089153046,0.0,0.0,0.0,192.168.1.0
80738fa19e4f1828e8fd13bc365ccf3e01ff2ad73c61a6c7fa5d88b2c8dc74da,2026-07-30T10:00:00,1,0.006959852122357303,0.0,0.0,0.0,0.0002777777777777778,0.0,0.3075780089153046,0.0,0.0,0.0,192.168.1.0
80738fa19e4f1828e8fd13bc365ccf3e01ff2ad73c61a6c7fa5d88b2c8dc74da,2026-07-30T16:00:00,1,0.022544229586151793,0.0,0.0,0.0,0.0002777777777777778,0.0,0.33481331987891016,0.0,1.0,0.0,192.168.1.0
80738fa19e4f1828e8fd13bc365ccf3e01ff2ad73c61a6c7fa5d88b2c8dc74da,2026-07-30T16:00:00,1,0.004464589093976698,0.0,0.0,0.0,0.0002777777777777778,0.0,0.33481331987891016,0.0,1.0,0.0,192.168.1.0
80738fa19e4f1828e8fd13bc365ccf3e01ff2ad73c61a6c7fa5d88b2c8dc74da,2026-07-30T16:00:00,1,0.006785756880393035,0.0,0.0,0.0,0.0002777777777777778,0.0,0.33481331987891016,0.0,1.0,0.0,192.168.1.0
80738fa19e4f1828e8fd13bc365ccf3e01ff2ad73c61a6c7fa5d88b2c8dc74da,2026-07-30T17:00:00,1,0.004804883642376915,0.0,0.0,0.0,0.0002777777777777778,0.0,0.33481331987891016,0.0,1.0,0.0,192.168.1.0
6a18a70d81d602aae3e8fcf5622726f9fdda418480d54e33f6d2a3d56951fcaf,2026-07-28T03:00:00,1,-0.012744370122694245,0.0,0.0,0.0,0.0002777777777777778,0.0,0.1863564764328123,0.0,1.0,0.0,192.168.1.0
6a18a70d81d602aae3e8fcf5622726f9fdda418480d54e33f6d2a3d56951fcaf,2026-07-28T03:00:00,1,-0.020955142524635175,0.0,0.0,0.0,0.0002777777777777778,0.0,0.1863564764328123,0.0,1.0,0.0,192.168.1.0
6a18a70d81d602aae3e8fcf5622726f9fdda418480d54e33f6d2a3d56951fcaf,2026-07-28T04:00:00,1,-0.004439893063379798,0.0,0.0,0.0,0.0002777777777777778,0.0,0.1863564764328123,0.0,1.0,0.0,192.168.1.0
6a18a70d81d602aae3e8fcf5622726f9fdda418480d54e33f6d2a3d56951fcaf,2026-07-28T04:00:00,1,0.02295064003401418,0.0,0.0,0.0,0.0002777777777777778,0.0,0.1863564764328123,0.0,1.0,0.0,192.168.1.0
6a18a70d81d602aae3e8fcf5622726f9fdda418480d54e33f6d2a3d56951fcaf,2026-07-28T11:00:00,2,0.012121943932470344,0.0,0.0,0.0,0.0005555555555555556,0.0,0.6754496026767043,0.0,0.0,0.0,192.168.1.0
6a18a70d81d602aae3e8fcf5622726f9fdda418480d54e33f6d2a3d56951fcaf,2026-07-28T11:00:00,2,0.03520536304753389,0.0,0.0,0.0,0.0005555555555555556,0.0,0.6754496026767043,0.0,0.0,0.0,192.168.1.0
6a18a70d81d602aae3e8fcf5622726f9fdda418480d54e33f6d2a3d56951fcaf,2026-07-28T11:00:00,2,-0.010651936272836829,0.0,0.0,0.0,0.0005555555555555556,0.0,0.6754496026767043,0.0,0.0,0.0,192.168.1.0
6a18a70d81d602aae3e8fcf5622726f9fdda418480d54e33f6d2a3d56951fcaf,2026-07-28T11:00:00,2,-0.06745289063739203,0.0,0.0,0.0,0.0005555555555555556,0.0,0.6754496026767043,0.0,0.0,0.0,192.168.1.0
6a18a70d81d602aae3e8fcf5622726f9fdda418480d54e33f6d2a3d56951fcaf,2026-07-28T21:00:00,1,0.031694117876165315,0.0,0.0,0.0,0.0002777777777777778,0.0,0.3291937332823844,0.0,1.0,0.0,192.168.1.0
6a18a70d81d602aae3e8fcf5622726f9fdda418480d54e33f6d2a3d56951fcaf,2026-07-28T22:00:00,1,0.005546812205096298,0.0,0.0,0.0,0.0002777777777777778,0.0,0.3291937332823844,0.0,1.0,0.0,192.168.1.0
6a18a70d81d602aae3e8fcf5622726f9fdda418480d54e33f6d2a3d56951fcaf,2026-07-28T22:00:00,1,-0.014513453369394996,0.0,0.0,0.0,0.0002777777777777778,0.0,0.3291937332823844,0.0,1.0,0.0,192.168.1.0
6a18a70d81d602aae3e8fcf5622726f9fdda418480d54e33f6d2a3d56951fcaf,2026-07-28T22:00:00,1,0.002075133243503874,0.0,0.0,0.0,0.0002777777777777778,0.0,0.3291937332823844,0.0,1.0,0.0,192.168.1.0
6a18a70d81d602aae3e8fcf5622726f9fdda418480d54e33f6d2a3d56951fcaf,2026-07-29T16:00:00,1,0.032960461805282254,0.0,0.0,0.0,0.0002777777777777778,0.0,0.31042611060743425,0.0,1.0,0.0,192.168.1.0
6a18a70d81d602aae3e8fcf5622726f9fdda418480d54e33f6d2a3d56951fcaf,2026-07-29T16:00:00,1,-0.0206337329037731,0.0,0.0,0.0,0.0002777777777777778,0.0,0.31042611060743425,0.0,1.0,0.0,192.168.1.0
6a18a70d81d602aae3e8fcf5622726f9fdda418480d54e33f6d2a3d56951fcaf,2026-07-29T17:00:00,1,-0.006434002148811957,0.0,0.0,0.0,0.0002777777777777778,0.0,0.31042611060743425,0.0,1.0,0.0,192.168.1.0
6a18a70d81d602aae3e8fcf5622726f9fdda418480d54e33f6d2a3d56951fcaf,2026-07-29T17:00:00,1,0.01214716430637251,0.0,0.0,0.0,0.0002777777777777778,0.0,0.31042611060743425,0.0,1.0,0.0,192.168.1.0
6a18a70d81d602aae3e8fcf5622726f9fdda418480d54e33f6d2a3d56951fcaf,2026-07-30T09:00:00,1,0.004120231777829293,0.0,0.0,0.0,0.0002777777777777778,0.0,0.08750380672012993,0.0,0.0,0.0,192.168.1.0
6a18a70d81d602aae3e8fcf5622726f9fdda418480d54e33f6d2a3d56951fcaf,2026-07-30T09:00:00,1,0.01752161069349695,0.0,0.0,0.0,0.0002777777777777778,0.0,0.08750380672012993,0.0,0.0,0.0,192.168.1.0
6a18a70d81d602aae3e8fcf5622726f9fdda418480d54e33f6d2a3d56951fcaf,2026-07-30T09:00:00,1,-0.022325394539003056,0.0,0.0,0.0,0.0002777777777777778,0.0,0.08750380672012993,0.0,0.0,0.0,192.168.1.0
6a18a70d81d602aae3e8fcf5622726f9fdda418480d54e33f6d2a3d56951fcaf,2026-07-30T10:00:00,1,-0.007001970627646005,0.0,0.0,0.0,0.0002777777777777778,0.0,0.08750380672012993,0.0,0.0,0.0,192.168.1.0
6a18a70d81d602aae3e8fcf5622726f9fdda418480d54e33f6d2a3d56951fcaf,2026-07-30T11:00:00,1,0.0029791321710967537,0.0,0.0,0.0,0.0002777777777777778,0.0,0.09883198562443846,0.0,0.0,0.0,192.168.1.0
6a18a70d81d602aae3e8fcf5622726f9fdda418480d54e33f6d2a3d56951fcaf,2026-07-30T12:00:00,1,0.028924435225081625,0.0,0.0,0.0,0.0002777777777777778,0.0,0.09883198562443846,0.0,0.0,0.0,192.168.1.0
6a18a70d81d602aae3e8fcf5622726f9fdda418480d54e33f6d2a3d56951fcaf,2026-07-30T12:00:00,1,0.012988201982900216,0.0,0.0,0.0,0.0002777777777777778,0.0,0.09883198562443846,0.0,0.0,0.0,192.168.1.0
6a18a70d81d602aae3e8fcf5622726f9fdda418480d54e33f6d2a3d56951fcaf,2026-07-30T12:00:00,1,0.029423123026896893,0.0,0.0,0.0,0.0002777777777777778,0.0,0.09883198562443846,0.0,0.0,0.0,192.168.1.0
b76be81ab29319c28d7cf4bf207f219f99e3c7f18f81cfbcd35131f44515a7db,2026-07-28T04:00:00,1,0.006780368282283384,0.0,0.0,0.0,0.0002777777777777778,0.0,1.9788918205804749,0.0,1.0,0.0,192.168.1.0
b76be81ab29319c28d7cf4bf207f219f99e3c7f18f81cfbcd35131f44515a7db,2026-07-28T04:00:00,1,0.0027949331412967194,0.0,0.0,0.0,0.0002777777777777778,0.0,1.9788918205804749,0.0,1.0,0.0,192.168.1.0
b76be81ab29319c28d7cf4bf207f219f99e3c7f18f81cfbcd35131f44515a7db,2026-07-28T04:00:00,1,0.021929316458850715,0.0,0.0,0.0,0.0002777777777777778,0.0,1.9788918205804749,0.0,1.0,0.0,192.168.1.0
b76be81ab29319c28d7cf4bf207f219f99e3c7f18f81cfbcd35131f44515a7db,2026-07-28T04:00:00,1,0.0049791656535864235,0.0,0.0,0.0,0.0002777777777777778,0.0,1.9788918205804749,0.0,1.0,0.0,192.168.1.0
b76be81ab29319c28d7cf4bf207f219f99e3c7f18f81cfbcd35131f44515a7db,2026-07-30T03:00:00,1,0.006344012949673755,0.0,0.0,0.0,0.0002777777777777778,0.0,0.6577319587628866,0.0,1.0,0.0,192.168.1.0
b76be81ab29319c28d7cf4bf207f219f99e3c7f18f81cfbcd35131f44515a7db,2026-07-30T03:00:00,1,0.03507545831966581,0.0,0.0,0.0,0.0002777777777777778,0.0,0.6577319587628866,0.0,1.0,0.0,192.168.1.0
b76be81ab29319c28d7cf4bf207f219f99e3c7f18f81cfbcd35131f44515a7db,2026-07-30T04:00:00,1,-0.03560081593569787,0.0,0.0,0.0,0.0002777777777777778,0.0,0.6577319587628866,0.0,1.0,0.0,192.168.1.0
b76be81ab29319c28d7cf4bf207f219f99e3c7f18f81cfbcd35131f44515a7db,2026-07-30T04:00:00,1,-0.008209578676458973,0.0,0.0,0.0,0.0002777777777777778,0.0,0.6577319587628866,0.0,1.0,0.0,192.168.1.0
b76be81ab29319c28d7cf4bf207f219f99e3c7f18f81cfbcd35131f44515a7db,2026-07-30T12:00:00,20,0.011084754476866146,0.0,0.0,0.0,0.005555555555555556,0.0,1200.0,0.0,0.0,0.0,192.168.1.0
b76be81ab29319c28d7cf4bf207f219f99e3c7f18f81cfbcd35131f44515a7db,2026-07-30T12:00:00,20,-0.02217173000565497,0.0,0.0,0.0,0.005555555555555556,0.0,1200.0,0.0,0.0,0.0,192.168.1.0
b76be81ab29319c28d7cf4bf207f219f99e3c7f18f81cfbcd35131f44515a7db,2026-07-30T12:00:00,20,-0.0051881078512890704,0.0,0.0,0.0,0.005555555555555556,0.0,1200.0,0.0,0.0,0.0,192.168.1.0
b76be81ab29319c28d7cf4bf207f219f99e3c7f18f81cfbcd35131f44515a7db,2026-07-30T13:00:00,20,-0.00524659415468504,0.0,0.0,0.0,0.005555555555555556,0.0,1200.0,0.0,0.0,0.0,192.168.1.0
4bd60d373ea5bbf403e0998d0917d2bedef4c336f0dc4fde6123282f22c6bd50,2026-07-28T04:00:00,1,-0.008543039362220062,1.0,0.0,0.0,0.0,0.0,0.0,0.0,1.0,0.0,
4bd60d373ea5bbf403e0998d0917d2bedef4c336f0dc4fde6123282f22c6bd50,2026-07-28T04:00:00,1,0.013657206049133768,1.0,0.0,0.0,0.0,0.0,0.0,0.0,1.0,0.0,
4bd60d373ea5bbf403e0998d0917d2bedef4c336f0dc4fde6123282f22c6bd50,2026-07-28T04:00:00,1,-0.014220831605625546,1.0,0.0,0.0,0.0,0.0,0.0,0.0,1.0,0.0,
4bd60d373ea5bbf403e0998d0917d2bedef4c336f0dc4fde6123282f22c6bd50,2026-07-28T05:00:00,1,-0.0074024314442957505,1.0,0.0,0.0,0.0,0.0,0.0,0.0,1.0,0.0,
4bd60d373ea5bbf403e0998d0917d2bedef4c336f0dc4fde6123282f22c6bd50,2026-07-28T05:00:00,1,-0.06461215453324233,0.0,0.0,0.0,0.0,3.321928094887362,0.0,0.0,1.0,0.0,
4bd60d373ea5bbf403e0998d0917d2bedef4c336f0dc4fde6123282f22c6bd50,2026-07-28T05:00:00,1,-0.01900809370970681,0.0,0.0,0.0,0.0,3.321928094887362,0.0,0.0,1.0,0.0,
4bd60d373ea5bbf403e0998d0917d2bedef4c336f0dc4fde6123282f22c6bd50,2026-07-28T06:00:00,1,-0.024718849710037405,0.0,0.0,0.0,0.0,3.321928094887362,0.0,0.0,1.0,0.0,
4bd60d373ea5bbf403e0998d0917d2bedef4c336f0dc4fde6123282f22c6bd50,2026-07-28T06:00:00,1,-0.023889535070635008,0.0,0.0,0.0,0.0,3.321928094887362,0.0,0.0,1.0,0.0,
4bd60d373ea5bbf403e0998d0917d2bedef4c336f0dc4fde6123282f22c6bd50,2026-07-28T07:00:00,1,-0.013007065954515987,0.0,0.0,0.0,0.0,3.337175341123077,0.0,0.0,1.0,0.0,
4bd60d373ea5bbf403e0998d0917d2bedef4c336f0dc4fde6123282f22c6bd50,2026-07-28T07:00:00,1,-0.04587663427419827,0.0,0.0,0.0,0.0,3.337175341123077,0.0,0.0,1.0,0.0,
4bd60d373ea5bbf403e0998d0917d2bedef4c336f0dc4fde6123282f22c6bd50,2026-07-28T07:00:00,1,0.01512962285689308,0.0,0.0,0.0,0.0,3.337175341123077,0.0,0.0,1.0,0.0,
4bd60d373ea5bbf403e0998d0917d2bedef4c336f0dc4fde6123282f22c6bd50,2026-07-28T07:00:00,1,0.014871719091349118,0.0,0.0,0.0,0.0,3.337175341123077,0.0,0.0,1.0,0.0,
4bd60d373ea5bbf403e0998d0917d2bedef4c336f0dc4fde6123282f22c6bd50,2026-07-28T08:00:00,1,-0.020205163682041803,0.0,0.0,0.0,0.0,3.321928094887362,0.0,0.0,0.0,0.0,
4bd60d373ea5bbf403e0998d0917d2bedef4c336f0dc4fde6123282f22c6bd50,2026-07-28T08:00:00,1,0.0011014788508022842,0.0,0.0,0.0,0.0,3.321928094887362,0.0,0.0,0.0,0.0,
4bd60d373ea5bbf403e0998d0917d2bedef4c336f0dc4fde6123282f22c6bd50,2026-07-28T08:00:00,1,-0.0052892092797255175,0.0,0.0,0.0,0.0,3.321928094887362,0.0,0.0,0.0,0.0,
4bd60d373ea5bbf403e0998d0917d2bedef4c336f0dc4fde6123282f22c6bd50,2026-07-28T08:00:00,1,-0.006532746391221093,0.0,0.0,0.0,0.0,3.321928094887362,0.0,0.0,0.0,0.0,
4bd60d373ea5bbf403e0998d0917d2bedef4c336f0dc4fde6123282f22c6bd50,2026-07-28T12:00:00,1,-0.0023266074370287557,1.0,0.0,0.0,0.0,0.0,0.0,0.0,0.0,0.0,
4bd60d373ea5bbf403e0998d0917d2bedef4c336f0dc4fde6123282f22c6bd50,2026-07-28T12:00:00,2,0.007641568636867108,1.0,0.0,0.0,0.0,0.0,0.0,0.0,0.0,0.0,
4bd60d373ea5bbf403e0998d0917d2bedef4c336f0dc4fde6123282f22c6bd50,2026-07-28T12:00:00,2,0.019305409142782805,1.0,0.0,0.0,0.0,0.0,0.0,0.0,0.0,0.0,
4bd60d373ea5bbf403e0998d0917d2bedef4c336f0dc4fde6123282f22c6bd50,2026-07-28T12:00:00,2,-0.011496112442637981,1.0,0.0,0.0,0.0,0.0,0.0,0.0,0.0,0.0,
4bd60d373ea5bbf403e0998d0917d2bedef4c336f0dc4fde6123282f22c6bd50,2026-07-28T13:00:00,1,0.03750961358194124,0.0,0.0,0.0,0.0,0.0,0.0,0.0,0.0,0.0,
4bd60d373ea5bbf403e0998d0917d2bedef4c336f0dc4fde6123282f22c6bd50,2026-07-28T14:00:00,1,0.017294033002334994,0.0,0.0,0.0,0.0,0.0,0.0,0.0,0.0,0.0,
4bd60d373ea5bbf403e0998d0917d2bedef4c336f0dc4fde6123282f22c6bd50,2026-07-28T14:00:00,1,0.019912879226579704,0.0,0.0,0.0,0.0,0.0,0.0,0.0,0.0,0.0,
4bd60d373ea5bbf403e0998d0917d2bedef4c336f0dc4fde6123282f22c6bd50,2026-07-28T14:00:00,1,0.02027744797086887,0.0,0.0,0.0,0.0,0.0,0.0,0.0,0.0,0.0,
4bd60d373ea5bbf403e0998d0917d2bedef4c336f0dc4fde6123282f22c6bd50,2026-07-28T15:00:00,1,0.006999189525362829,0.0,0.0,0.0,0.0,0.0,0.0,0.0,0.0,0.0,
4bd60d373ea5bbf403e0998d0917d2bedef4c336f0dc4fde6123282f22c6bd50,2026-07-29T03:00:00,1,0.00692968734543325,0.0,0.0,0.0,0.0,0.0,0.0,0.0,1.0,0.0,
4bd60d373ea5bbf403e0998d0917d2bedef4c336f0dc4fde6123282f22c6bd50,2026-07-29T03:00:00,2,0.012611356539698205,1.0,0.0,0.0,0.0,0.0,0.0,0.0,1.0,0.0,
4bd60d373ea5bbf403e0998d0917d2bedef4c336f0dc4fde6123282f22c6bd50,2026-07-29T04:00:00,2,-0.015425916567711917,1.0,0.0,0.0,0.0,0.0,0.0,0.0,1.0,0.0,
4bd60d373ea5bbf403e0998d0917d2bedef4c336f0dc4fde6123282f22c6bd50,2026-07-29T04:00:00,2,0.05084718393383121,1.0,0.0,0.0,0.0,0.0,0.0,0.0,1.0,0.0,
4bd60d373ea5bbf403e0998d0917d2bedef4c336f0dc4fde6123282f22c6bd50,2026-07-29T04:00:00,1,-0.023643893178552186,1.0,0.0,0.0,0.0,0.0,0.0,0.0,1.0,0.0,
4bd60d373ea5bbf403e0998d0917d2bedef4c336f0dc4fde6123282f22c6bd50,2026-07-29T04:00:00,1,0.024911421937011957,0.0,0.0,0.0,0.0,0.0,0.0,0.0,1.0,0.0,
4bd60d373ea5bbf403e0998d0917d2bedef4c336f0dc4fde6123282f22c6bd50,2026-07-29T05:00:00,1,-0.027653359841977764,0.0,0.0,0.0,0.0,0.0,0.0,0.0,1.0,0.0,
4bd60d373ea5bbf403e0998d0917d2bedef4c336f0dc4fde6123282f22c6bd50,2026-07-29T05:00:00,1,-0.020891636342448183,0.0,0.0,0.0,0.0,0.0,0.0,0.0,1.0,0.0,
4bd60d373ea5bbf403e0998d0917d2bedef4c336f0dc4fde6123282f22c6bd50,2026-07-29T05:00:00,1,-0.020423481554232327,0.0,0.0,0.0,0.0,0.0,0.0,0.0,1.0,0.0,
4bd60d373ea5bbf403e0998d0917d2bedef4c336f0dc4fde6123282f22c6bd50,2026-07-29T06:00:00,1,-0.007431518250634974,1.0,0.0,0.0,0.0,0.0,0.0,0.0,1.0,0.0,
4bd60d373ea5bbf403e0998d0917d2bedef4c336f0dc4fde6123282f22c6bd50,2026-07-29T07:00:00,1,0.021734908269453884,1.0,0.0,0.0,0.0,0.0,0.0,0.0,1.0,0.0,
4bd60d373ea5bbf403e0998d0917d2bedef4c336f0dc4fde6123282f22c6bd50,2026-07-29T07:00:00,1,0.037302751948386566,1.0,0.0,0.0,0.0,0.0,0.0,0.0,1.0,0.0,
4bd60d373ea5bbf403e0998d0917d2bedef4c336f0dc4fde6123282f22c6bd50,2026-07-29T07:00:00,1,0.029253905245666588,1.0,0.0,0.0,0.0,0.0,0.0,0.0,1.0,0.0,
4bd60d373ea5bbf403e0998d0917d2bedef4c336f0dc4fde6123282f22c6bd50,2026-07-29T08:00:00,1,-0.057410016168387056,1.0,0.0,0.0,0.0,0.0,0.0,0.0,0.0,0.0,
4bd60d373ea5bbf403e0998d0917d2bedef4c336f0dc4fde6123282f22c6bd50,2026-07-29T09:00:00,1,-0.04947020539123387,1.0,0.0,0.0,0.0,0.0,0.0,0.0,0.0,0.0,
4bd60d373ea5bbf403e0998d0917d2bedef4c336f0dc4fde6123282f22c6bd50,2026-07-29T09:00:00,1,0.009449487671456617,1.0,0.0,0.0,0.0,0.0,0.0,0.0,0.0,0.0,
4bd60d373ea5bbf403e0998d0917d2bedef4c336f0dc4fde6123282f22c6bd50,2026-07-29T09:00:00,1,0.017832874792113703,1.0,0.0,0.0,0.0,0.0,0.0,0.0,0.0,0.0,
4bd60d373ea5bbf403e0998d0917d2bedef4c336f0dc4fde6123282f22c6bd50,2026-07-29T13:00:00,2,0.05172273629346326,0.0,0.0,0.0,0.0,3.321928094887362,0.0,0.0,0.0,0.0,
4bd60d373ea5bbf403e0998d0917d2bedef4c336f0dc4fde6123282f22c6bd50,2026-07-29T13:00:00,2,-0.0019746494620796365,0.0,0.0,0.0,0.0,3.321928094887362,0.0,0.0,0.0,0.0,
4bd60d373ea5bbf403e0998d0917d2bedef4c336f0dc4fde6123282f22c6bd50,2026-07-29T13:00:00,2,0.015478823080010577,0.0,0.0,0.0,0.0,3.321928094887362,0.0,0.0,0.0,0.0,
4bd60d373ea5bbf403e0998d0917d2bedef4c336f0dc4fde6123282f22c6bd50,2026-07-29T14:00:00,3,-0.023272556068201236,1.0,0.0,0.0,0.0,3.321928094887362,0.0,0.0,0.0,0.25,
4bd60d373ea5bbf403e0998d0917d2bedef4c336f0dc4fde6123282f22c6bd50,2026-07-29T14:00:00,1,-0.028928210070554385,1.0,0.0,0.0,0.0,0.0,0.0,0.0,0.0,0.0,
4bd60d373ea5bbf403e0998d0917d2bedef4c336f0dc4fde6123282f22c6bd50,2026-07-29T14:00:00,2,0.005651005963168404,1.0,0.0,0.0,0.0,0.0,0.0,0.0,0.0,0.0,
4bd60d373ea5bbf403e0998d0917d2bedef4c336f0dc4fde6123282f22c6bd50,2026-07-29T14:00:00,2,0.009685776850937204,1.0,0.0,0.0,0.0,0.0,0.0,0.0,0.0,0.0,
4bd60d373ea5bbf403e0998d0917d2bedef4c336f0dc4fde6123282f22c6bd50,2026-07-29T15:00:00,1,-0.010846085810227333,0.0,0.0,0.0,0.0,0.0,0.0,0.0,0.0,0.0,
4bd60d373ea5bbf403e0998d0917d2bedef4c336f0dc4fde6123282f22c6bd50,2026-07-29T15:00:00,1,-0.04917998431031406,0.0,0.0,0.0,0.0,0.0,0.0,0.0,0.0,0.0,
4bd60d373ea5bbf403e0998d0917d2bedef4c336f0dc4fde6123282f22c6bd50,2026-07-29T15:00:00,1,-0.01922793012401704,1.0,0.0,0.0,0.0,0.0,0.0,0.0,0.0,0.0,
4bd60d373ea5bbf403e0998d0917d2bedef4c336f0dc4fde6123282f22c6bd50,2026-07-29T16:00:00,1,0.0016657699721116528,1.0,0.0,0.0,0.0,0.0,0.0,0.0,0.0,0.0,
4bd60d373ea5bbf403e0998d0917d2bedef4c336f0dc4fde6123282f22c6bd50,2026-07-29T16:00:00,1,0.050667683870031566,1.0,0.0,0.0,0.0,0.0,0.0,0.0,0.0,0.0,
4bd60d373ea5bbf403e0998d0917d2bedef4c336f0dc4fde6123282f22c6bd50,2026-07-29T16:00:00,1,-0.011989997382316266,1.0,0.0,0.0,0.0,0.0,0.0,0.0,0.0,0.0,
4bd60d373ea5bbf403e0998d0917d2bedef4c336f0dc4fde6123282f22c6bd50,2026-07-29T18:00:00,3,-0.012945873276919982,3.0,147352.67703315095,0.0,0.0,0.0,0.0,0.0,1.0,0.0,
4bd60d373ea5bbf403e0998d0917d2bedef4c336f0dc4fde6123282f22c6bd50,2026-07-29T18:00:00,3,0.03854308924077028,3.0,147352.67703315095,0.0,0.0,0.0,0.0,0.0,1.0,0.0,
4bd60d373ea5bbf403e0998d0917d2bedef4c336f0dc4fde6123282f22c6bd50,2026-07-29T18:00:00,3,-0.029557414885373702,3.0,147352.67703315095,0.0,0.0,0.0,0.0,0.0,1.0,0.0,
4bd60d373ea5bbf403e0998d0917d2bedef4c336f0dc4fde6123282f22c6bd50,2026-07-29T18:00:00,3,0.06427304604511516,3.0,147352.67703315095,0.0,0.0,0.0,0.0,0.0,1.0,0.0,
4bd60d373ea5bbf403e0998d0917d2bedef4c336f0dc4fde6123282f22c6bd50,2026-07-29T23:00:00,1,0.022407416638163917,0.0,0.0,0.0,0.0,3.337175341123077,0.0,0.0,1.0,0.0,
4bd60d373ea5bbf403e0998d0917d2bedef4c336f0dc4fde6123282f22c6bd50,2026-07-29T23:00:00,1,0.0044093370506782985,0.0,0.0,0.0,0.0,3.337175341123077,0.0,0.0,1.0,0.0,
4bd60d373ea5bbf403e0998d0917d2bedef4c336f0dc4fde6123282f22c6bd50,2026-07-29T23:00:00,1,-0.010300767131878137,0.0,0.0,0.0,0.0,3.337175341123077,0.0,0.0,1.0,0.0,
4bd60d373ea5bbf403e0998d0917d2bedef4c336f0dc4fde6123282f22c6bd50,2026-07-30T00:00:00,2,-0.05071128504538086,0.0,0.0,0.0,0.0,2.9918073428970464,0.0,0.0,1.0,0.0,
4bd60d373ea5bbf403e0998d0917d2bedef4c336f0dc4fde6123282f22c6bd50,2026-07-30T00:00:00,1,-0.03219660011549407,0.0,0.0,0.0,0.0,2.6464393446710157,0.0,0.0,1.0,0.0,
4bd60d373ea5bbf403e0998d0917d2bedef4c336f0dc4fde6123282f22c6bd50,2026-07-30T00:00:00,2,-0.0021979867490634812,0.0,0.0,0.0,0.0,2.984183719779189,0.0,0.0,1.0,0.0,
4bd60d373ea5bbf403e0998d0917d2bedef4c336f0dc4fde6123282f22c6bd50,2026-07-30T00:00:00,2,0.03445723628549648,0.0,0.0,0.0,0.0,2.984183719779189,0.0,0.0,1.0,0.0,
4bd60d373ea5bbf403e0998d0917d2bedef4c336f0dc4fde6123282f22c6bd50,2026-07-30T01:00:00,1,-0.0014309413289798514,0.0,0.0,0.0,0.0,3.321928094887362,0.0,0.0,1.0,0.0,
4bd60d373ea5bbf403e0998d0917d2bedef4c336f0dc4fde6123282f22c6bd50,2026-07-30T01:00:00,2,-0.01684872635673947,1.0,0.0,0.0,0.0,3.321928094887362,0.0,0.0,1.0,0.0,
4bd60d373ea5bbf403e0998d0917d2bedef4c336f0dc4fde6123282f22c6bd50,2026-07-30T01:00:00,1,0.0015390496538450241,1.0,0.0,0.0,0.0,0.0,0.0,0.0,1.0,0.0,
4bd60d373ea5bbf403e0998d0917d2bedef4c336f0dc4fde6123282f22c6bd50,2026-07-30T01:00:00,1,0.03028338572342971,1.0,0.0,0.0,0.0,0.0,0.0,0.0,1.0,0.0,
4bd60d373ea5bbf403e0998d0917d2bedef4c336f0dc4fde6123282f22c6bd50,2026-07-30T02:00:00,1,0.05462052858981435,1.0,0.0,0.0,0.0,0.0,0.0,0.0,1.0,0.0,
4bd60d373ea5bbf403e0998d0917d2bedef4c336f0dc4fde6123282f22c6bd50,2026-07-30T02:00:00,1,-0.005032497599286356,0.0,0.0,0.0,0.0,2.6464393446710157,0.0,0.0,1.0,0.0,
4bd60d373ea5bbf403e0998d0917d2bedef4c336f0dc4fde6123282f22c6bd50,2026-07-30T02:00:00,1,-0.01626097616362934,0.0,0.0,0.0,0.0,2.6464393446710157,0.0,0.0,1.0,0.0,
4bd60d373ea5bbf403e0998d0917d2bedef4c336f0dc4fde6123282f22c6bd50,2026-07-30T02:00:00,2,-0.006859809668805323,0.0,0.0,0.0,0.0,2.6464393446710157,0.0,0.0,1.0,0.0,
4bd60d373ea5bbf403e0998d0917d2bedef4c336f0dc4fde6123282f22c6bd50,2026-07-30T03:00:00,2,-0.022331197906493676,0.0,0.0,0.0,0.0,2.6464393446710157,0.0,0.0,1.0,0.0,
4bd60d373ea5bbf403e0998d0917d2bedef4c336f0dc4fde6123282f22c6bd50,2026-07-30T03:00:00,2,0.001458866502419839,0.0,0.0,0.0,0.0,3.039148671903071,0.0,0.0,1.0,0.0,
4bd60d373ea5bbf403e0998d0917d2bedef4c336f0dc4fde6123282f22c6bd50,2026-07-30T03:00:00,2,-0.01160116515787293,0.0,0.0,0.0,0.0,3.039148671903071,0.0,0.0,1.0,0.0,
4bd60d373ea5bbf403e0998d0917d2bedef4c336f0dc4fde6123282f22c6bd50,2026-07-30T03:00:00,1,-0.006421015604912566,0.0,0.0,0.0,0.0,3.039148671903071,0.0,0.0,1.0,0.0,
4bd60d373ea5bbf403e0998d0917d2bedef4c336f0dc4fde6123282f22c6bd50,2026-07-30T04:00:00,1,0.0024610809985698597,0.0,0.0,0.0,0.0,3.039148671903071,0.0,0.0,1.0,0.0,
4bd60d373ea5bbf403e0998d0917d2bedef4c336f0dc4fde6123282f22c6bd50,2026-07-30T04:00:00,1,-0.022574400076307365,0.0,0.0,0.0,0.0,4.022055208874201,0.0,0.0,1.0,0.0,
4bd60d373ea5bbf403e0998d0917d2bedef4c336f0dc4fde6123282f22c6bd50,2026-07-30T04:00:00,1,0.017461942052583238,0.0,0.0,0.0,0.0,4.022055208874201,0.0,0.0,1.0,0.0,
4bd60d373ea5bbf403e0998d0917d2bedef4c336f0dc4fde6123282f22c6bd50,2026-07-30T04:00:00,1,-0.001780026755494306,0.0,0.0,0.0,0.0,4.022055208874201,0.0,0.0,1.0,0.0,
4bd60d373ea5bbf403e0998d0917d2bedef4c336f0dc4fde6123282f22c6bd50,2026-07-30T05:00:00,2,-0.03514938577528807,0.0,0.0,0.0,0.0,3.6719916518807816,0.0,0.0,1.0,0.0,
4bd60d373ea5bbf403e0998d0917d2bedef4c336f0dc4fde6123282f22c6bd50,2026-07-30T05:00:00,1,-0.027512426514482366,0.0,0.0,0.0,0.0,3.321928094887362,0.0,0.0,1.0,0.0,
4bd60d373ea5bbf403e0998d0917d2bedef4c336f0dc4fde6123282f22c6bd50,2026-07-30T05:00:00,1,0.0035251655214666396,0.0,0.0,0.0,0.0,3.321928094887362,0.0,0.0,1.0,0.0,
4bd60d373ea5bbf403e0998d0917d2bedef4c336f0dc4fde6123282f22c6bd50,2026-07-30T05:00:00,2,0.0010516769182275152,0.0,0.0,0.0,0.0,3.321928094887362,0.0,0.0,1.0,0.0,
4bd60d373ea5bbf403e0998d0917d2bedef4c336f0dc4fde6123282f22c6bd50,2026-07-30T06:00:00,1,-0.0011940641899541883,0.0,0.0,0.0,0.0,0.0,0.0,0.0,1.0,0.0,
4bd60d373ea5bbf403e0998d0917d2bedef4c336f0dc4fde6123282f22c6bd50,2026-07-30T06:00:00,1,0.005388250624542594,0.0,0.0,0.0,0.0,0.0,0.0,0.0,1.0,0.0,
4bd60d373ea5bbf403e0998d0917d2bedef4c336f0dc4fde6123282f22c6bd50,2026-07-30T06:00:00,1,0.007217227993544656,0.0,0.0,0.0,0.0,0.0,0.0,0.0,1.0,0.0,
4bd60d373ea5bbf403e0998d0917d2bedef4c336f0dc4fde6123282f22c6bd50,2026-07-30T10:00:00,1,-0.011008814390514389,0.0,0.0,0.0,0.0,3.321928094887362,0.0,0.0,0.0,0.0,
4bd60d373ea5bbf403e0998d0917d2bedef4c336f0dc4fde6123282f22c6bd50,2026-07-30T10:00:00,1,-0.027987218249613012,0.0,0.0,0.0,0.0,3.321928094887362,0.0,0.0,0.0,0.0,
4bd60d373ea5bbf403e0998d0917d2bedef4c336f0dc4fde6123282f22c6bd50,2026-07-30T10:00:00,1,-0.007952030881647965,0.0,0.0,0.0,0.0,3.321928094887362,0.0,0.0,0.0,0.0,
4bd60d373ea5bbf403e0998d0917d2bedef4c336f0dc4fde6123282f22c6bd50,2026-07-30T11:00:00,1,0.00639288789722825,0.0,0.0,0.0,0.0,3.321928094887362,0.0,0.0,0.0,0.0,
4bd60d373ea5bbf403e0998d0917d2bedef4c336f0dc4fde6123282f22c6bd50,2026-07-30T11:00:00,1,-0.020970730378621606,0.0,0.0,0.0,0.0,0.0,0.0,1.0,0.0,0.0,
4bd60d373ea5bbf403e0998d0917d2bedef4c336f0dc4fde6123282f22c6bd50,2026-07-30T11:00:00,1,0.0001928649360192527,0.0,0.0,0.0,0.0,0.0,0.0,1.0,0.0,0.0,
4bd60d373ea5bbf403e0998d0917d2bedef4c336f0dc4fde6123282f22c6bd50,2026-07-30T12:00:00,1,0.007317249683012593,0.0,0.0,0.0,0.0,0.0,0.0,1.0,0.0,0.0,
4bd60d373ea5bbf403e0998d0917d2bedef4c336f0dc4fde6123282f22c6bd50,2026-07-30T12:00:00,1,0.003715573517562579,0.0,0.0,0.0,0.0,0.0,0.0,1.0,0.0,0.0,
4bd60d373ea5bbf403e0998d0917d2bedef4c336f0dc4fde6123282f22c6bd50,2026-07-30T14:00:00,1,-0.005598235040323505,0.0,0.0,0.0,0.0,3.039148671903071,0.0,0.0,0.0,0.0,
4bd60d373ea5bbf403e0998d0917d2bedef4c336f0dc4fde6123282f22c6bd50,2026-07-30T14:00:00,1,0.07521799512585056,0.0,0.0,0.0,0.0,3.039148671903071,0.0,0.0,0.0,0.0,
4bd60d373ea5bbf403e0998d0917d2bedef4c336f0dc4fde6123282f22c6bd50,2026-07-30T14:00:00,1,0.03496240755141211,0.0,0.0,0.0,0.0,3.039148671903071,0.0,0.0,0.0,0.0,
4bd60d373ea5bbf403e0998d0917d2bedef4c336f0dc4fde6123282f22c6bd50,2026-07-30T14:00:00,1,-0.010609454398989162,0.0,0.0,0.0,0.0,3.039148671903071,0.0,0.0,0.0,0.0,
4bd60d373ea5bbf403e0998d0917d2bedef4c336f0dc4fde6123282f22c6bd50,2026-07-30T20:00:00,1,-0.00764212860453032,0.0,0.0,0.0,0.0,4.469874612638034,0.0,0.0,1.0,0.0,
4bd60d373ea5bbf403e0998d0917d2bedef4c336f0dc4fde6123282f22c6bd50,2026-07-30T20:00:00,1,0.031500945526126554,0.0,0.0,0.0,0.0,4.469874612638034,0.0,0.0,1.0,0.0,
4bd60d373ea5bbf403e0998d0917d2bedef4c336f0dc4fde6123282f22c6bd50,2026-07-30T20:00:00,1,0.0002562804615151787,0.0,0.0,0.0,0.0,4.469874612638034,0.0,0.0,1.0,0.0,
4bd60d373ea5bbf403e0998d0917d2bedef4c336f0dc4fde6123282f22c6bd50,2026-07-30T21:00:00,1,0.02887269790178904,0.0,0.0,0.0,0.0,4.469874612638034,0.0,0.0,1.0,0.0,
618b56f5f2b337c62b05f77596ba620ac6bd4e2c35ffdd30674e893854413c35,2026-07-28T06:00:00,1,-0.01590678513571462,0.0,0.0,0.0,0.0002777777777777778,0.0,0.24077733860342557,0.0,1.0,0.0,192.168.1.0
618b56f5f2b337c62b05f77596ba620ac6bd4e2c35ffdd30674e893854413c35,2026-07-28T06:00:00,1,0.05107593125013152,0.0,0.0,0.0,0.0002777777777777778,0.0,0.24077733860342557,0.0,1.0,0.0,192.168.1.0
618b56f5f2b337c62b05f77596ba620ac6bd4e2c35ffdd30674e893854413c35,2026-07-28T06:00:00,1,0.0005337549875859866,0.0,0.0,0.0,0.0002777777777777778,0.0,0.24077733860342557,0.0,1.0,0.0,192.168.1.0
618b56f5f2b337c62b05f77596ba620ac6bd4e2c35ffdd30674e893854413c35,2026-07-28T06:00:00,1,0.007331631550271844,0.0,0.0,0.0,0.0002777777777777778,0.0,0.24077733860342557,0.0,1.0,0.0,192.168.1.0
618b56f5f2b337c62b05f77596ba620ac6bd4e2c35ffdd30674e893854413c35,2026-07-28T11:00:00,1,-0.0264973709824751,0.0,0.0,0.0,0.0002777777777777778,0.0,0.19373837569745817,0.0,0.0,0.0,192.168.1.0
618b56f5f2b337c62b05f77596ba620ac6bd4e2c35ffdd30674e893854413c35,2026-07-28T11:00:00,1,-0.004330357232411012,0.0,0.0,0.0,0.0002777777777777778,0.0,0.19373837569745817,0.0,0.0,0.0,192.168.1.0
618b56f5f2b337c62b05f77596ba620ac6bd4e2c35ffdd30674e893854413c35,2026-07-28T12:00:00,1,0.010236077925288651,0.0,0.0,0.0,0.0002777777777777778,0.0,0.19373837569745817,0.0,0.0,0.0,192.168.1.0
618b56f5f2b337c62b05f77596ba620ac6bd4e2c35ffdd30674e893854413c35,2026-07-28T12:00:00,2,-0.01946460898050866,0.0,0.0,0.0,0.0005555555555555556,0.0,0.10114444788122487,0.0,0.0,0.0,192.168.1.0
618b56f5f2b337c62b05f77596ba620ac6bd4e2c35ffdd30674e893854413c35,2026-07-28T12:00:00,1,0.11365290143042238,0.0,0.0,0.0,0.0002777777777777778,0.0,0.039637599093997736,0.0,0.0,0.0,192.168.1.0
618b56f5f2b337c62b05f77596ba620ac6bd4e2c35ffdd30674e893854413c35,2026-07-28T12:00:00,1,0.0058545162373182845,0.0,0.0,0.0,0.0002777777777777778,0.0,0.039637599093997736,0.0,0.0,0.0,192.168.1.0
618b56f5f2b337c62b05f77596ba620ac6bd4e2c35ffdd30674e893854413c35,2026-07-28T13:00:00,1,-0.056554014449564954,0.0,0.0,0.0,0.0002777777777777778,0.0,0.039637599093997736,0.0,0.0,0.0,192.168.1.0
618b56f5f2b337c62b05f77596ba620ac6bd4e2c35ffdd30674e893854413c35,2026-07-28T21:00:00,1,0.0194462559069443,0.0,0.0,0.0,0.0002777777777777778,0.0,0.6861111111111111,0.0,1.0,0.0,192.168.1.0
618b56f5f2b337c62b05f77596ba620ac6bd4e2c35ffdd30674e893854413c35,2026-07-28T21:00:00,1,-0.0053740360107296095,0.0,0.0,0.0,0.0002777777777777778,0.0,0.6861111111111111,0.0,1.0,0.0,192.168.1.0
618b56f5f2b337c62b05f77596ba620ac6bd4e2c35ffdd30674e893854413c35,2026-07-28T22:00:00,1,0.011826473340921337,0.0,0.0,0.0,0.0002777777777777778,0.0,0.6861111111111111,0.0,1.0,0.0,192.168.1.0
618b56f5f2b337c62b05f77596ba620ac6bd4e2c35ffdd30674e893854413c35,2026-07-28T22:00:00,1,0.024446189911104005,0.0,0.0,0.0,0.0002777777777777778,0.0,0.6861111111111111,0.0,1.0,0.0,192.168.1.0
618b56f5f2b337c62b05f77596ba620ac6bd4e2c35ffdd30674e893854413c35,2026-07-29T02:00:00,1,0.03792559028917574,0.0,0.0,0.0,0.0002777777777777778,0.0,0.32749107432651736,0.0,1.0,0.0,192.168.1.0
618b56f5f2b337c62b05f77596ba620ac6bd4e2c35ffdd30674e893854413c35,2026-07-29T02:00:00,1,0.0010473051489864364,0.0,0.0,0.0,0.0002777777777777778,0.0,0.32749107432651736,0.0,1.0,0.0,192.168.1.0
618b56f5f2b337c62b05f77596ba620ac6bd4e2c35ffdd30674e893854413c35,2026-07-29T03:00:00,1,0.0036244209664838974,0.0,0.0,0.0,0.0002777777777777778,0.0,0.32749107432651736,0.0,1.0,0.0,192.168.1.0
618b56f5f2b337c62b05f77596ba620ac6bd4e2c35ffdd30674e893854413c35,2026-07-29T03:00:00,1,-0.006726141212058571,0.0,0.0,0.0,0.0002777777777777778,0.0,0.32749107432651736,0.0,1.0,0.0,192.168.1.0
618b56f5f2b337c62b05f77596ba620ac6bd4e2c35ffdd30674e893854413c35,2026-07-29T09:00:00,1,0.0011827108418771372,0.0,0.0,0.0,0.0002777777777777778,0.0,0.1172282042375825,0.0,0.0,0.0,192.168.1.0
618b56f5f2b337c62b05f77596ba620ac6bd4e2c35ffdd30674e893854413c35,2026-07-29T09:00:00,1,0.048070094088550314,0.0,0.0,0.0,0.0002777777777777778,0.0,0.1172282042375825,0.0,0.0,0.0,192.168.1.0
618b56f5f2b337c62b05f77596ba620ac6bd4e2c35ffdd30674e893854413c35,2026-07-29T10:00:00,1,0.008489196476494789,0.0,0.0,0.0,0.0002777777777777778,0.0,0.1172282042375825,0.0,0.0,0.0,192.168.1.0
618b56f5f2b337c62b05f77596ba620ac6bd4e2c35ffdd30674e893854413c35,2026-07-29T10:00:00,1,0.01776658974427144,0.0,0.0,0.0,0.0002777777777777778,0.0,0.1172282042375825,0.0,0.0,0.0,192.168.1.0
618b56f5f2b337c62b05f77596ba620ac6bd4e2c35ffdd30674e893854413c35,2026-07-30T15:00:00,1,-0.0011507406651911263,0.0,0.0,0.0,0.0002777777777777778,0.0,2.734113712374582,0.0,0.0,0.0,192.168.1.0
618b56f5f2b337c62b05f77596ba620ac6bd4e2c35ffdd30674e893854413c35,2026-07-30T15:00:00,1,0.015977128462926808,0.0,0.0,0.0,0.0002777777777777778,0.0,2.734113712374582,0.0,0.0,0.0,192.168.1.0
618b56f5f2b337c62b05f77596ba620ac6bd4e2c35ffdd30674e893854413c35,2026-07-30T16:00:00,1,0.008336379894577414,0.0,0.0,0.0,0.0002777777777777778,0.0,2.734113712374582,0.0,0.0,0.0,192.168.1.0
618b56f5f2b337c62b05f77596ba620ac6bd4e2c35ffdd30674e893854413c35,2026-07-30T16:00:00,1,0.05759820603934574,0.0,0.0,0.0,0.0002777777777777778,0.0,2.734113712374582,0.0,0.0,0.0,192.168.1.0
618b56f5f2b337c62b05f77596ba620ac6bd4e2c35ffdd30674e893854413c35,2026-07-30T17:00:00,1,-0.03897101210722693,0.0,0.0,0.0,0.0002777777777777778,0.0,0.14750938419397383,0.0,1.0,0.0,192.168.1.0
618b56f5f2b337c62b05f77596ba620ac6bd4e2c35ffdd30674e893854413c35,2026-07-30T17:00:00,1,-0.0038365736211763437,0.0,0.0,0.0,0.0002777777777777778,0.0,0.14750938419397383,0.0,1.0,0.0,192.168.1.0
618b56f5f2b337c62b05f77596ba620ac6bd4e2c35ffdd30674e893854413c35,2026-07-30T17:00:00,1,-0.012268230358070271,0.0,0.0,0.0,0.0002777777777777778,0.0,0.14750938419397383,0.0,1.0,0.0,192.168.1.0
618b56f5f2b337c62b05f77596ba620ac6bd4e2c35ffdd30674e893854413c35,2026-07-30T18:00:00,1,0.0018791631907386695,0.0,0.0,0.0,0.0002777777777777778,0.0,0.14750938419397383,0.0,1.0,0.0,192.168.1.0
49f3b049d9fe4390d95e4c7b81f41f944b0d4bcabb49673a961e3038f08db677,2026-07-28T07:00:00,1,-0.0016643900965715244,0.0,0.0,0.0,0.0002777777777777778,0.0,0.17301725207893756,0.0,1.0,0.0,192.168.1.0
49f3b049d9fe4390d95e4c7b81f41f944b0d4bcabb49673a961e3038f08db677,2026-07-28T07:00:00,1,0.015396731495069732,0.0,0.0,0.0,0.0002777777777777778,0.0,0.17301725207893756,0.0,1.0,0.0,192.168.1.0
49f3b049d9fe4390d95e4c7b81f41f944b0d4bcabb49673a961e3038f08db677,2026-07-28T07:00:00,1,0.009977155225249154,0.0,0.0,0.0,0.0002777777777777778,0.0,0.17301725207893756,0.0,1.0,0.0,192.168.1.0
49f3b049d9fe4390d95e4c7b81f41f944b0d4bcabb49673a961e3038f08db677,2026-07-28T08:00:00,1,0.013093451738604657,0.0,0.0,0.0,0.0002777777777777778,0.0,0.17301725207893756,0.0,1.0,0.0,192.168.1.0
49f3b049d9fe4390d95e4c7b81f41f944b0d4bcabb49673a961e3038f08db677,2026-07-28T16:00:00,1,0.03181547056458209,0.0,0.0,0.0,0.0002777777777777778,0.0,0.1812971342383107,0.0,1.0,0.0,192.168.1.0
49f3b049d9fe4390d95e4c7b81f41f944b0d4bcabb49673a961e3038f08db677,2026-07-28T17:00:00,1,-0.0021178923614695597,0.0,0.0,0.0,0.0002777777777777778,0.0,0.1812971342383107,0.0,1.0,0.0,192.168.1.0
49f3b049d9fe4390d95e4c7b81f41f944b0d4bcabb49673a961e3038f08db677,2026-07-28T17:00:00,1,0.016442593792541767,0.0,0.0,0.0,0.0002777777777777778,0.0,0.1812971342383107,0.0,1.0,0.0,192.168.1.0
49f3b049d9fe4390d95e4c7b81f41f944b0d4bcabb49673a961e3038f08db677,2026-07-28T17:00:00,1,0.016468151798687224,0.0,0.0,0.0,0.0002777777777777778,0.0,0.1812971342383107,0.0,1.0,0.0,192.168.1.0
49f3b049d9fe4390d95e4c7b81f41f944b0d4bcabb49673a961e3038f08db677,2026-07-29T08:00:00,1,-0.01078981088172479,0.0,0.0,0.0,0.0002777777777777778,0.0,0.19265350877192983,0.0,0.0,0.0,192.168.1.0
49f3b049d9fe4390d95e4c7b81f41f944b0d4bcabb49673a961e3038f08db677,2026-07-29T09:00:00,1,-0.02938219398963388,0.0,0.0,0.0,0.0002777777777777778,0.0,0.19265350877192983,0.0,0.0,0.0,192.168.1.0
49f3b049d9fe4390d95e4c7b81f41f944b0d4bcabb49673a961e3038f08db677,2026-07-29T09:00:00,1,-0.008225707876029543,0.0,0.0,0.0,0.0002777777777777778,0.0,0.19265350877192983,0.0,0.0,0.0,192.168.1.0
49f3b049d9fe4390d95e4c7b81f41f944b0d4bcabb49673a961e3038f08db677,2026-07-29T09:00:00,1,-0.02129529309519948,0.0,0.0,0.0,0.0002777777777777778,0.0,0.19265350877192983,0.0,0.0,0.0,192.168.1.0
49f3b049d9fe4390d95e4c7b81f41f944b0d4bcabb49673a961e3038f08db677,2026-07-30T06:00:00,1,-0.00038185557703786205,0.0,0.0,0.0,0.0002777777777777778,0.0,0.3284185013128661,0.0,1.0,0.0,192.168.1.0
49f3b049d9fe4390d95e4c7b81f41f944b0d4bcabb49673a961e3038f08db677,2026-07-30T06:00:00,1,-0.01226048034860506,0.0,0.0,0.0,0.0002777777777777778,0.0,0.3284185013128661,0.0,1.0,0.0,192.168.1.0
49f3b049d9fe4390d95e4c7b81f41f944b0d4bcabb49673a961e3038f08db677,2026-07-30T06:00:00,1,0.04485706852354949,0.0,0.0,0.0,0.0002777777777777778,0.0,0.3284185013128661,0.0,1.0,0.0,192.168.1.0
49f3b049d9fe4390d95e4c7b81f41f944b0d4bcabb49673a961e3038f08db677,2026-07-30T06:00:00,1,0.10476562861953008,0.0,0.0,0.0,0.0002777777777777778,0.0,0.3284185013128661,0.0,1.0,0.0,192.168.1.0
f575fd9de014359bd0005fecff22b10412ae5d75016b9849720ad3ec6b7dd439,2026-07-28T09:00:00,1,0.013747850407226241,0.0,0.0,0.0,0.0002777777777777778,0.0,0.34610630407911,0.0,0.0,0.0,192.168.1.0
f575fd9de014359bd0005fecff22b10412ae5d75016b9849720ad3ec6b7dd439,2026-07-28T09:00:00,2,0.02629711921586752,0.0,0.0,0.0,0.0005555555555555556,0.0,0.11047733413389373,0.0,0.0,0.0,192.168.1.0
f575fd9de014359bd0005fecff22b10412ae5d75016b9849720ad3ec6b7dd439,2026-07-28T09:00:00,2,0.013613403830363484,0.0,0.0,0.0,0.0005555555555555556,0.0,0.11047733413389373,0.0,0.0,0.0,192.168.1.0
f575fd9de014359bd0005fecff22b10412ae5d75016b9849720ad3ec6b7dd439,2026-07-28T10:00:00,2,0.02260819971417222,0.0,0.0,0.0,0.0005555555555555556,0.0,0.11047733413389373,0.0,0.0,0.0,192.168.1.0
f575fd9de014359bd0005fecff22b10412ae5d75016b9849720ad3ec6b7dd439,2026-07-28T10:00:00,1,0.0013764758635976331,0.0,0.0,0.0,0.0002777777777777778,0.0,0.034892942109436956,0.0,0.0,0.0,192.168.1.0
f575fd9de014359bd0005fecff22b10412ae5d75016b9849720ad3ec6b7dd439,2026-07-29T02:00:00,1,-0.011362179807289836,0.0,0.0,0.0,0.0002777777777777778,0.0,0.5803823252898778,0.0,1.0,0.0,192.168.1.0
f575fd9de014359bd0005fecff22b10412ae5d75016b9849720ad3ec6b7dd439,2026-07-29T02:00:00,1,-0.011515750874194618,0.0,0.0,0.0,0.0002777777777777778,0.0,0.5803823252898778,0.0,1.0,0.0,192.168.1.0
f575fd9de014359bd0005fecff22b10412ae5d75016b9849720ad3ec6b7dd439,2026-07-29T03:00:00,1,0.006047451523868542,0.0,0.0,0.0,0.0002777777777777778,0.0,0.5803823252898778,0.0,1.0,0.0,192.168.1.0
f575fd9de014359bd0005fecff22b10412ae5d75016b9849720ad3ec6b7dd439,2026-07-29T03:00:00,1,0.011407810214421133,0.0,0.0,0.0,0.0002777777777777778,0.0,0.5803823252898778,0.0,1.0,0.0,192.168.1.0
f575fd9de014359bd0005fecff22b10412ae5d75016b9849720ad3ec6b7dd439,2026-07-29T05:00:00,1,-0.005840083131431796,0.0,0.0,0.0,0.0002777777777777778,0.0,0.29628667878473125,0.0,1.0,0.0,192.168.1.0
f575fd9de014359bd0005fecff22b10412ae5d75016b9849720ad3ec6b7dd439,2026-07-29T05:00:00,1,0.028452265132421828,0.0,0.0,0.0,0.0002777777777777778,0.0,0.29628667878473125,0.0,1.0,0.0,192.168.1.0
f575fd9de014359bd0005fecff22b10412ae5d75016b9849720ad3ec6b7dd439,2026-07-29T06:00:00,1,-0.0038249473561527453,0.0,0.0,0.0,0.0002777777777777778,0.0,0.29628667878473125,0.0,1.0,0.0,192.168.1.0
f575fd9de014359bd0005fecff22b10412ae5d75016b9849720ad3ec6b7dd439,2026-07-29T06:00:00,1,-0.00633525621226992,0.0,0.0,0.0,0.0002777777777777778,0.0,0.29628667878473125,0.0,1.0,0.0,192.168.1.0
f575fd9de014359bd0005fecff22b10412ae5d75016b9849720ad3ec6b7dd439,2026-07-29T22:00:00,1,-0.01652442782261087,0.0,0.0,0.0,0.0002777777777777778,0.0,0.1603359419736591,0.0,1.0,0.0,192.168.1.0
f575fd9de014359bd0005fecff22b10412ae5d75016b9849720ad3ec6b7dd439,2026-07-29T23:00:00,1,-0.02532015108905807,0.0,0.0,0.0,0.0002777777777777778,0.0,0.1603359419736591,0.0,1.0,0.0,192.168.1.0
f575fd9de014359bd0005fecff22b10412ae5d75016b9849720ad3ec6b7dd439,2026-07-29T23:00:00,1,-0.004486634420890763,0.0,0.0,0.0,0.0002777777777777778,0.0,0.1603359419736591,0.0,1.0,0.0,192.168.1.0
f575fd9de014359bd0005fecff22b10412ae5d75016b9849720ad3ec6b7dd439,2026-07-29T23:00:00,1,0.040135207449370026,0.0,0.0,0.0,0.0002777777777777778,0.0,0.1603359419736591,0.0,1.0,0.0,192.168.1.0
f575fd9de014359bd0005fecff22b10412ae5d75016b9849720ad3ec6b7dd439,2026-07-30T01:00:00,1,0.026634399981884598,0.0,0.0,0.0,0.0002777777777777778,0.0,0.1706742895577602,0.0,1.0,0.0,192.168.1.0
f575fd9de014359bd0005fecff22b10412ae5d75016b9849720ad3ec6b7dd439,2026-07-30T01:00:00,1,0.00698205730882244,0.0,0.0,0.0,0.0002777777777777778,0.0,0.1706742895577602,0.0,1.0,0.0,192.168.1.0
f575fd9de014359bd0005fecff22b10412ae5d75016b9849720ad3ec6b7dd439,2026-07-30T02:00:00,1,0.02112443606424999,0.0,0.0,0.0,0.0002777777777777778,0.0,0.1706742895577602,0.0,1.0,0.0,192.168.1.0
f575fd9de014359bd0005fecff22b10412ae5d75016b9849720ad3ec6b7dd439,2026-07-30T02:00:00,1,0.0019387456528843722,0.0,0.0,0.0,0.0002777777777777778,0.0,0.1706742895577602,0.0,1.0,0.0,192.168.1.0
f575fd9de014359bd0005fecff22b10412ae5d75016b9849720ad3ec6b7dd439,2026-07-30T11:00:00,1,-0.0180847024065446,0.0,0.0,0.0,0.0002777777777777778,0.0,0.19669277632724108,0.0,0.0,0.0,192.168.1.0
f575fd9de014359bd0005fecff22b10412ae5d75016b9849720ad3ec6b7dd439,2026-07-30T11:00:00,1,-0.016060830237424495,0.0,0.0,0.0,0.0002777777777777778,0.0,0.19669277632724108,0.0,0.0,0.0,192.168.1.0
f575fd9de014359bd0005fecff22b10412ae5d75016b9849720ad3ec6b7dd439,2026-07-30T11:00:00,1,-0.011847813637538429,0.0,0.0,0.0,0.0002777777777777778,0.0,0.19669277632724108,0.0,0.0,0.0,192.168.1.0
f575fd9de014359bd0005fecff22b10412ae5d75016b9849720ad3ec6b7dd439,2026-07-30T11:00:00,1,0.005704073186930999,0.0,0.0,0.0,0.0002777777777777778,0.0,0.19669277632724108,0.0,0.0,0.0,192.168.1.0
b1a8069ccebbe64fc1835ffd2d6cc55837a51ef73c5bba9ddeb8375bba1946c3,2026-07-28T13:00:00,1,-0.009879970094660023,0.0,0.0,0.0,0.0002777777777777778,0.0,0.1966405657994443,0.0,0.0,0.0,192.168.1.0
b1a8069ccebbe64fc1835ffd2d6cc55837a51ef73c5bba9ddeb8375bba1946c3,2026-07-28T13:00:00,1,-0.01919080947404494,0.0,0.0,0.0,0.0002777777777777778,0.0,0.1966405657994443,0.0,0.0,0.0,192.168.1.0
b1a8069ccebbe64fc1835ffd2d6cc55837a51ef73c5bba9ddeb8375bba1946c3,2026-07-28T13:00:00,1,0.004469120408962679,0.0,0.0,0.0,0.0002777777777777778,0.0,0.1966405657994443,0.0,0.0,0.0,192.168.1.0
b1a8069ccebbe64fc1835ffd2d6cc55837a51ef73c5bba9ddeb8375bba1946c3,2026-07-28T13:00:00,1,-0.00927804678454597,0.0,0.0,0.0,0.0002777777777777778,0.0,0.1966405657994443,0.0,0.0,0.0,192.168.1.0
b1a8069ccebbe64fc1835ffd2d6cc55837a51ef73c5bba9ddeb8375bba1946c3,2026-07-29T02:00:00,1,-0.05758128022442133,0.0,0.0,0.0,0.0002777777777777778,0.0,3.47953216374269,0.0,1.0,0.0,192.168.1.0
b1a8069ccebbe64fc1835ffd2d6cc55837a51ef73c5bba9ddeb8375bba1946c3,2026-07-29T03:00:00,1,-0.00817180200543344,0.0,0.0,0.0,0.0002777777777777778,0.0,3.47953216374269,0.0,1.0,0.0,192.168.1.0
b1a8069ccebbe64fc1835ffd2d6cc55837a51ef73c5bba9ddeb8375bba1946c3,2026-07-29T03:00:00,1,0.001538817800995941,0.0,0.0,0.0,0.0002777777777777778,0.0,3.47953216374269,0.0,1.0,0.0,192.168.1.0
b1a8069ccebbe64fc1835ffd2d6cc55837a51ef73c5bba9ddeb8375bba1946c3,2026-07-29T03:00:00,1,-0.0019272891347075266,0.0,0.0,0.0,0.0002777777777777778,0.0,3.47953216374269,0.0,1.0,0.0,192.168.1.0
b1a8069ccebbe64fc1835ffd2d6cc55837a51ef73c5bba9ddeb8375bba1946c3,2026-07-29T19:00:00,1,-0.007828519746664896,0.0,0.0,0.0,0.0002777777777777778,0.0,0.24247646824870742,0.0,1.0,0.0,192.168.1.0
b1a8069ccebbe64fc1835ffd2d6cc55837a51ef73c5bba9ddeb8375bba1946c3,2026-07-29T19:00:00,1,0.028521452665136705,0.0,0.0,0.0,0.0002777777777777778,0.0,0.24247646824870742,0.0,1.0,0.0,192.168.1.0
b1a8069ccebbe64fc1835ffd2d6cc55837a51ef73c5bba9ddeb8375bba1946c3,2026-07-29T19:00:00,1,0.011943103101259907,0.0,0.0,0.0,0.0002777777777777778,0.0,0.24247646824870742,0.0,1.0,0.0,192.168.1.0
b1a8069ccebbe64fc1835ffd2d6cc55837a51ef73c5bba9ddeb8375bba1946c3,2026-07-29T20:00:00,1,0.024257090772454803,0.0,0.0,0.0,0.0002777777777777778,0.0,0.24247646824870742,0.0,1.0,0.0,192.168.1.0
b1a8069ccebbe64fc1835ffd2d6cc55837a51ef73c5bba9ddeb8375bba1946c3,2026-07-29T22:00:00,1,0.003011014172125397,0.0,0.0,0.0,0.0002777777777777778,0.0,0.0585802894555479,0.0,1.0,0.0,192.168.1.0
b1a8069ccebbe64fc1835ffd2d6cc55837a51ef73c5bba9ddeb8375bba1946c3,2026-07-29T22:00:00,1,-0.006954650305821133,0.0,0.0,0.0,0.0002777777777777778,0.0,0.0585802894555479,0.0,1.0,0.0,192.168.1.0
b1a8069ccebbe64fc1835ffd2d6cc55837a51ef73c5bba9ddeb8375bba1946c3,2026-07-29T23:00:00,1,0.06664847798548953,0.0,0.0,0.0,0.0002777777777777778,0.0,0.0585802894555479,0.0,1.0,0.0,192.168.1.0
b1a8069ccebbe64fc1835ffd2d6cc55837a51ef73c5bba9ddeb8375bba1946c3,2026-07-29T23:00:00,1,-0.050332961666319224,0.0,0.0,0.0,0.0002777777777777778,0.0,0.0585802894555479,0.0,1.0,0.0,192.168.1.0
b1a8069ccebbe64fc1835ffd2d6cc55837a51ef73c5bba9ddeb8375bba1946c3,2026-07-30T15:00:00,1,0.0013199547923821264,0.0,0.0,0.0,0.0002777777777777778,0.0,0.04652761861104744,0.0,0.0,0.0,192.168.1.0
b1a8069ccebbe64fc1835ffd2d6cc55837a51ef73c5bba9ddeb8375bba1946c3,2026-07-30T15:00:00,1,-2.000017012812637e-05,0.0,0.0,0.0,0.0002777777777777778,0.0,0.04652761861104744,0.0,0.0,0.0,192.168.1.0
b1a8069ccebbe64fc1835ffd2d6cc55837a51ef73c5bba9ddeb8375bba1946c3,2026-07-30T15:00:00,1,-0.0030931460243278745,0.0,0.0,0.0,0.0002777777777777778,0.0,0.04652761861104744,0.0,0.0,0.0,192.168.1.0
b1a8069ccebbe64fc1835ffd2d6cc55837a51ef73c5bba9ddeb8375bba1946c3,2026-07-30T15:00:00,1,-0.05159436914094385,0.0,0.0,0.0,0.0002777777777777778,0.0,0.04652761861104744,0.0,0.0,0.0,192.168.1.0
b1a8069ccebbe64fc1835ffd2d6cc55837a51ef73c5bba9ddeb8375bba1946c3,2026-07-30T21:00:00,1,-0.02021559391530972,0.0,0.0,0.0,0.0002777777777777778,0.0,0.10106889617948989,0.0,1.0,0.0,192.168.1.0
b1a8069ccebbe64fc1835ffd2d6cc55837a51ef73c5bba9ddeb8375bba1946c3,2026-07-30T21:00:00,2,0.023011061685208153,0.0,0.0,0.0,0.0005555555555555556,0.0,0.16251329585169427,0.0,1.0,0.0,192.168.1.0
b1a8069ccebbe64fc1835ffd2d6cc55837a51ef73c5bba9ddeb8375bba1946c3,2026-07-30T21:00:00,2,-0.03127923665662799,0.0,0.0,0.0,0.0005555555555555556,0.0,0.16251329585169427,0.0,1.0,0.0,192.168.1.0
b1a8069ccebbe64fc1835ffd2d6cc55837a51ef73c5bba9ddeb8375bba1946c3,2026-07-30T22:00:00,2,0.006275718754899105,0.0,0.0,0.0,0.0005555555555555556,0.0,0.16251329585169427,0.0,1.0,0.0,192.168.1.0
b1a8069ccebbe64fc1835ffd2d6cc55837a51ef73c5bba9ddeb8375bba1946c3,2026-07-30T22:00:00,1,0.007249982092658586,0.0,0.0,0.0,0.0002777777777777778,0.0,0.3188796121734446,0.0,1.0,0.0,192.168.1.0
06337b11bce49498960785a0b5b31dded5968b8015ced3a0a0b2c9affba7f567,2026-07-29T01:00:00,1,0.02006646894229,0.0,0.0,0.0,0.0002777777777777778,0.0,0.14272322474806656,0.0,1.0,0.0,192.168.1.0
06337b11bce49498960785a0b5b31dded5968b8015ced3a0a0b2c9affba7f567,2026-07-29T01:00:00,1,-0.03238907572894582,0.0,0.0,0.0,0.0002777777777777778,0.0,0.14272322474806656,0.0,1.0,0.0,192.168.1.0
06337b11bce49498960785a0b5b31dded5968b8015ced3a0a0b2c9affba7f567,2026-07-29T01:00:00,2,-0.036602987158692285,0.0,0.0,0.0,0.0005555555555555556,0.0,0.2073299814765811,0.0,1.0,0.0,192.168.1.0
06337b11bce49498960785a0b5b31dded5968b8015ced3a0a0b2c9affba7f567,2026-07-29T02:00:00,2,0.043977685131041666,0.0,0.0,0.0,0.0005555555555555556,0.0,0.2073299814765811,0.0,1.0,0.0,192.168.1.0
06337b11bce49498960785a0b5b31dded5968b8015ced3a0a0b2c9affba7f567,2026-07-29T02:00:00,1,0.011945521175653133,0.0,0.0,0.0,0.0002777777777777778,0.0,0.29109693102400486,0.0,1.0,0.0,192.168.1.0
06337b11bce49498960785a0b5b31dded5968b8015ced3a0a0b2c9affba7f567,2026-07-29T02:00:00,1,0.02266844879287583,0.0,0.0,0.0,0.0002777777777777778,0.0,0.29109693102400486,0.0,1.0,0.0,192.168.1.0
06337b11bce49498960785a0b5b31dded5968b8015ced3a0a0b2c9affba7f567,2026-07-29T21:00:00,1,0.01943847756103914,0.0,0.0,0.0,0.0002777777777777778,0.0,0.0637239979705733,0.0,1.0,0.0,192.168.1.0
06337b11bce49498960785a0b5b31dded5968b8015ced3a0a0b2c9affba7f567,2026-07-29T21:00:00,1,-0.03149391293582927,0.0,0.0,0.0,0.0002777777777777778,0.0,0.0637239979705733,0.0,1.0,0.0,192.168.1.0
06337b11bce49498960785a0b5b31dded5968b8015ced3a0a0b2c9affba7f567,2026-07-29T22:00:00,1,0.06750148282315914,0.0,0.0,0.0,0.0002777777777777778,0.0,0.0637239979705733,0.0,1.0,0.0,192.168.1.0
06337b11bce49498960785a0b5b31dded5968b8015ced3a0a0b2c9affba7f567,2026-07-29T22:00:00,1,0.026998538988657925,0.0,0.0,0.0,0.0002777777777777778,0.0,0.0637239979705733,0.0,1.0,0.0,192.168.1.0
06337b11bce49498960785a0b5b31dded5968b8015ced3a0a0b2c9affba7f567,2026-07-30T06:00:00,1,-0.015853671835715004,0.0,0.0,0.0,0.0002777777777777778,0.0,0.49155405405405406,0.0,1.0,0.0,192.168.1.0
06337b11bce49498960785a0b5b31dded5968b8015ced3a0a0b2c9affba7f567,2026-07-30T06:00:00,1,0.03945087374810068,0.0,0.0,0.0,0.0002777777777777778,0.0,0.49155405405405406,0.0,1.0,0.0,192.168.1.0
06337b11bce49498960785a0b5b31dded5968b8015ced3a0a0b2c9affba7f567,2026-07-30T06:00:00,1,0.03359158407543765,0.0,0.0,0.0,0.0002777777777777778,0.0,0.49155405405405406,0.0,1.0,0.0,192.168.1.0
06337b11bce49498960785a0b5b31dded5968b8015ced3a0a0b2c9affba7f567,2026-07-30T07:00:00,1,-0.06551073259121949,0.0,0.0,0.0,0.0002777777777777778,0.0,0.49155405405405406,0.0,1.0,0.0,192.168.1.0
06337b11bce49498960785a0b5b31dded5968b8015ced3a0a0b2c9affba7f567,2026-07-30T08:00:00,1,-0.009320501060669933,0.0,0.0,0.0,0.0002777777777777778,0.0,0.8134360290971331,0.0,1.0,0.0,192.168.1.0
06337b11bce49498960785a0b5b31dded5968b8015ced3a0a0b2c9affba7f567,2026-07-30T08:00:00,1,0.001061925543211326,0.0,0.0,0.0,0.0002777777777777778,0.0,0.8134360290971331,0.0,1.0,0.0,192.168.1.0
06337b11bce49498960785a0b5b31dded5968b8015ced3a0a0b2c9affba7f567,2026-07-30T08:00:00,1,0.0060453438528867455,0.0,0.0,0.0,0.0002777777777777778,0.0,0.8134360290971331,0.0,1.0,0.0,192.168.1.0
06337b11bce49498960785a0b5b31dded5968b8015ced3a0a0b2c9affba7f567,2026-07-30T08:00:00,1,0.002542095671066155,0.0,0.0,0.0,0.0002777777777777778,0.0,0.8134360290971331,0.0,1.0,0.0,192.168.1.0
